156,56,56,104,104,56,56,0.00
152,48,48,100,100,48,48,0.00
148,96,96,96,148,48,48,0.00
200,100,100,100,152,52,52,0.00
200,92,92,92,152,48,48,0.00
144,96,96,96,144,48,48,0.00
148,48,48,96,96,48,48,0.00
144,92,92,92,144,48,48,0.00
196,96,96,96,148,48,48,0.00
196,96,96,96,148,48,48,0.00
152,104,104,104,152,48,48,0.00
144,96,96,96,144,48,48,0.00
152,48,48,100,100,48,48,0.00
148,96,96,96,148,48,48,0.00
196,96,96,96,148,48,48,0.00
204,100,100,100,152,48,48,0.00
160,104,56,104,160,56,56,0.00
152,48,48,100,100,48,48,0.00
152,100,48,100,100,48,48,0.00
196,96,96,96,144,48,48,0.00
196,96,96,96,148,48,48,0.00
160,104,104,104,160,56,56,0.00
144,96,96,96,144,48,48,0.00
148,48,48,96,96,48,48,0.00
144,96,96,96,144,48,48,0.00
204,96,96,96,148,48,48,0.00
204,96,96,96,152,48,48,0.00
148,96,96,96,148,48,48,0.00
152,48,48,100,100,48,48,0.00
148,96,48,96,96,48,48,0.00
152,104,104,104,152,56,56,0.00
200,96,96,96,152,48,48,0.00
196,96,96,96,148,48,48,0.00
156,96,96,96,96,48,48,0.00
148,48,48,100,100,48,48,0.00
148,48,48,100,100,48,48,0.00
204,96,96,96,148,48,48,0.00
204,96,96,96,152,48,48,0.00
148,96,96,96,148,48,48,0.00
152,100,48,100,100,48,48,0.00
148,48,48,96,96,48,48,0.00
144,96,96,96,144,48,48,0.00
196,96,96,96,144,48,48,0.00
196,96,96,96,148,48,48,0.00
144,92,92,92,144,44,44,0.00
152,48,48,104,104,48,48,0.00
144,92,92,92,144,48,48,0.00
196,92,92,92,144,48,48,0.00
196,96,96,96,144,48,48,0.00
200,92,92,92,144,48,48,0.00
152,92,92,92,92,44,44,0.00
152,48,48,100,100,48,48,0.00
148,100,48,100,148,48,48,0.00
200,96,96,96,144,48,48,0.00
196,96,96,96,148,48,48,0.00
152,96,96,96,152,48,48,0.00
152,48,48,100,100,48,48,0.00
148,96,48,96,96,48,48,0.00
196,92,92,92,144,48,48,0.00
204,104,104,104,152,56,56,0.00
152,100,100,100,152,48,48,0.00
148,48,48,96,96,48,48,0.00
152,48,48,100,100,48,48,0.00
148,96,96,96,148,48,48,0.00
196,96,96,96,148,48,48,0.00
208,100,100,100,156,48,48,0.00
148,96,96,96,148,48,48,0.00
152,48,48,100,100,48,48,0.00
152,100,48,100,100,48,48,0.00
196,96,96,96,144,48,48,0.00
200,92,92,92,152,44,44,0.00
204,96,96,96,148,48,48,0.00
144,92,92,92,144,48,48,0.00
148,48,48,96,96,48,48,0.00
148,96,96,96,148,48,48,0.00
200,96,96,96,152,48,48,0.00
196,96,96,96,148,48,48,0.00
148,96,96,96,148,48,48,0.00
148,96,48,96,96,48,48,0.00
156,56,56,56,108,56,56,0.00
148,96,96,96,148,48,48,0.00
200,96,96,96,152,48,48,0.00
196,96,96,96,148,48,48,0.00
148,96,96,96,148,48,48,0.00
156,48,48,104,104,48,48,0.00
152,100,100,100,100,44,44,0.00
196,96,96,96,148,48,48,0.00
196,96,96,96,148,48,48,0.00
196,96,96,96,144,48,48,0.00
148,48,48,100,100,48,48,0.00
148,48,48,100,100,48,48,0.00
148,96,96,96,148,48,48,0.00
196,96,96,96,148,48,48,0.00
196,96,96,96,148,48,48,0.00
152,100,100,100,152,52,52,0.00
156,48,48,100,100,48,48,0.00
148,96,96,96,148,48,48,0.00
196,96,96,96,148,48,48,0.00
204,100,100,100,152,48,48,0.00
196,96,96,96,144,48,48,0.00
156,52,52,104,104,52,52,0.00
148,48,48,100,100,48,48,0.00
144,96,96,96,144,48,48,0.00
196,96,96,96,148,48,48,0.00
196,96,96,96,144,48,48,0.00
152,100,100,100,152,52,52,0.00
152,48,48,100,100,48,48,0.00
152,100,100,100,100,48,48,0.00
196,96,96,96,148,48,48,0.00
196,92,92,92,144,48,48,0.00
196,96,96,96,144,48,48,0.00
156,52,52,104,104,52,52,0.00
148,48,48,96,96,48,48,0.00
144,92,92,92,144,48,48,0.00
196,92,92,92,144,48,48,0.00
204,104,104,104,152,56,56,0.00
160,100,100,100,100,52,52,0.00
156,48,48,100,100,48,48,0.00
148,96,96,96,148,48,48,0.00
196,96,96,96,148,48,48,0.00
204,100,100,100,152,56,56,0.00
200,96,96,96,144,48,48,0.00
156,52,52,104,104,52,52,0.00
148,48,48,100,100,48,48,0.00
148,96,96,96,148,48,48,0.00
200,92,92,92,144,44,44,0.00
196,96,96,96,144,48,48,0.00
152,100,100,100,152,52,52,0.00
152,48,48,100,100,48,48,0.00
156,52,52,104,104,52,52,0.00
196,96,96,96,144,48,48,0.00
196,96,96,96,148,48,48,0.00
196,92,92,92,144,48,48,0.00
156,48,48,100,100,48,48,0.00
148,48,48,100,100,48,48,0.00
144,96,96,96,144,48,48,0.00
196,96,96,96,144,48,48,0.00
196,96,96,96,148,48,48,0.00
144,92,92,92,144,48,48,0.00
148,48,48,96,96,48,48,0.00
148,48,48,96,96,48,48,0.00
152,96,96,96,152,48,48,0.00
200,96,96,96,144,48,48,0.00
196,96,96,96,148,48,48,0.00
148,96,96,96,148,48,48,0.00
156,48,48,100,100,48,48,0.00
148,48,48,100,100,48,48,0.00
204,96,96,96,148,48,48,0.00
196,96,96,96,144,48,48,0.00
152,100,100,100,152,48,48,0.00
148,96,48,96,96,48,48,0.00
148,48,48,100,100,48,48,0.00
144,92,92,92,144,44,44,0.00
204,100,100,100,152,48,48,0.00
200,96,96,96,144,48,48,0.00
144,96,96,96,144,48,48,0.00
148,48,48,100,100,48,48,0.00
152,92,92,92,92,44,44,0.00
196,96,96,96,144,48,48,0.00
196,96,96,96,148,48,48,0.00
196,96,96,96,148,48,48,0.00
144,92,92,92,144,48,48,0.00
148,48,48,96,96,48,48,0.00
144,96,96,96,144,48,48,0.00
196,96,96,96,144,48,48,0.00
200,100,100,100,152,48,48,0.00
148,96,96,96,148,48,48,0.00
148,48,48,96,96,48,48,0.00
148,96,48,96,96,48,48,0.00
152,96,96,96,152,48,48,0.00
196,96,96,96,148,48,48,0.00
204,96,96,96,148,48,48,0.00
144,92,92,92,144,44,44,0.00
156,48,48,100,100,48,48,0.00
148,96,96,96,148,48,48,0.00
200,100,100,100,152,48,48,0.00
204,96,96,96,152,48,48,0.00
144,92,92,92,144,48,48,0.00
148,96,48,96,96,48,48,0.00
148,48,48,100,100,48,48,0.00
148,100,100,100,148,52,52,0.00
208,100,100,100,152,52,52,0.00
204,96,96,96,152,48,48,0.00
144,92,92,92,144,48,48,0.00
148,48,48,96,96,48,48,0.00
144,96,96,96,144,48,48,0.00
200,96,96,96,144,48,48,0.00
196,96,96,96,148,48,48,0.00
196,96,96,96,148,48,48,0.00
148,96,48,96,96,48,48,0.00
156,52,52,52,104,52,52,0.00
144,92,92,92,144,48,48,0.00
196,92,92,92,144,48,48,0.00
204,104,104,104,152,56,56,0.00
148,96,96,96,148,48,48,0.00
152,48,48,48,100,48,48,0.00
148,96,48,96,96,48,48,0.00
152,100,100,100,152,52,52,0.00
200,92,92,92,144,48,48,0.00
196,96,96,96,144,48,48,0.00
152,52,52,104,104,52,52,0.00
148,48,48,100,100,48,48,0.00
152,96,96,96,152,48,48,0.00
196,96,96,96,148,48,48,0.00
196,96,96,96,144,48,48,0.00
152,100,100,100,152,52,52,0.00
160,52,52,52,104,52,52,0.00
148,96,48,96,96,48,48,0.00
196,96,96,96,148,48,48,0.00
196,96,96,96,144,48,48,0.00
156,100,100,100,156,52,52,0.00
144,92,92,92,144,48,48,0.00
148,48,48,96,96,48,48,0.00
144,96,96,96,144,48,48,0.00
204,96,96,96,152,48,48,0.00
200,96,96,96,152,48,48,0.00
148,96,96,96,148,48,48,0.00
148,100,48,100,100,48,48,0.00
156,48,48,104,104,48,48,0.00
148,96,96,96,148,48,48,0.00
200,96,96,96,152,48,48,0.00
196,96,96,96,148,48,48,0.00
152,100,100,100,100,48,48,0.00
148,44,44,96,96,44,44,0.00
144,92,92,92,144,48,48,0.00
152,96,96,96,152,48,48,0.00
200,96,96,96,152,48,48,0.00
196,96,96,96,148,48,48,0.00
148,100,48,100,100,48,48,0.00
148,48,48,96,96,48,48,0.00
152,96,96,96,152,48,48,0.00
196,96,96,96,144,48,48,0.00
196,96,96,96,148,48,48,0.00
148,96,96,96,148,48,48,0.00
164,48,48,48,108,48,48,0.00
148,96,48,96,96,48,48,0.00
196,96,96,96,144,48,48,0.00
196,96,96,96,148,48,48,0.00
204,96,96,96,144,48,48,0.00
152,96,96,96,152,48,48,0.00
148,48,48,100,100,48,48,0.00
144,96,96,96,144,48,48,0.00
196,96,96,96,148,48,48,0.00
196,96,96,96,144,48,48,0.00
144,92,92,92,144,48,48,0.00
148,48,48,96,96,48,48,0.00
152,48,48,100,100,48,48,0.00
148,96,96,96,148,48,48,0.00
200,96,96,96,152,48,48,0.00
200,100,100,100,152,52,52,0.00
148,96,96,96,148,48,48,0.00
152,48,48,100,100,48,48,0.00
148,96,96,96,96,48,48,0.00
152,92,92,92,152,48,48,0.00
196,96,96,96,148,48,48,0.00
196,92,92,92,144,48,48,0.00
148,96,48,96,96,48,48,0.00
164,60,60,60,112,60,4,0.00
148,96,96,96,148,48,48,0.00
196,96,96,96,148,48,48,0.00
196,92,92,92,144,48,48,0.00
156,96,96,96,96,48,48,0.00
148,48,48,96,96,48,48,0.00
148,48,48,96,96,48,48,0.00
152,104,104,104,152,48,48,0.00
196,96,96,96,144,48,48,0.00
200,100,100,100,152,52,52,0.00
152,92,92,92,92,48,48,0.00
152,48,48,100,100,48,48,0.00
152,96,96,96,96,48,48,0.00
196,92,92,92,144,48,48,0.00
204,104,104,104,152,48,48,0.00
152,96,96,96,152,48,48,0.00
156,48,48,104,104,48,48,0.00
148,48,48,96,96,48,48,0.00
144,96,96,96,144,48,48,0.00
204,104,104,104,152,48,48,0.00
152,100,100,100,152,52,52,0.00
148,96,96,96,148,48,48,0.00
152,48,48,100,100,48,48,0.00
148,96,96,96,96,48,48,0.00
156,104,56,104,156,56,56,0.00
204,96,96,96,148,48,48,0.00
144,92,92,92,144,48,48,0.00
148,96,48,96,96,48,48,0.00
156,48,48,48,108,48,48,0.00
156,100,100,100,100,48,48,0.00
196,96,96,96,144,48,48,0.00
196,96,96,96,148,48,48,0.00
148,48,48,100,148,48,48,0.00
148,48,48,96,96,48,48,0.00
156,104,48,104,104,48,48,0.00
196,96,96,96,144,48,48,0.00
196,96,96,96,148,48,48,0.00
196,96,96,96,144,48,48,0.00
148,96,48,96,96,48,48,0.00
156,48,48,48,104,48,48,0.00
156,52,52,104,104,52,52,0.00
196,96,96,96,148,48,48,0.00
196,96,96,96,148,48,48,0.00
144,92,92,92,144,48,48,0.00
160,52,52,52,104,52,52,0.00
148,48,48,96,96,48,48,0.00
144,92,92,92,144,48,48,0.00
196,92,92,92,144,48,48,0.00
156,100,100,100,156,48,48,0.00
148,96,96,96,96,48,48,0.00
152,48,48,100,100,48,48,0.00
148,96,96,96,96,48,48,0.00
204,96,96,96,148,48,48,0.00
204,96,96,96,152,48,48,0.00
144,92,92,92,144,44,44,0.00
148,44,44,96,96,44,44,0.00
148,48,48,100,100,48,48,0.00
152,52,52,104,104,52,52,0.00
196,96,96,96,144,48,48,0.00
196,96,96,96,148,48,48,0.00
144,96,96,96,144,48,48,0.00
148,48,48,100,100,48,48,0.00
156,52,52,52,104,52,52,0.00
196,92,92,92,144,44,44,0.00
204,96,96,96,148,48,48,0.00
196,92,92,92,144,48,48,0.00
148,96,48,96,96,48,48,0.00
156,48,48,48,100,48,48,0.00
144,92,92,92,144,44,44,0.00
196,92,92,92,144,44,44,0.00
196,96,96,96,144,48,48,0.00
148,48,48,100,100,48,48,0.00
152,48,48,100,100,48,48,0.00
152,48,48,100,100,48,48,0.00
148,96,96,96,148,48,48,0.00
196,96,96,96,148,48,48,0.00
200,100,100,100,148,52,52,0.00
156,104,104,104,104,48,48,0.00
152,48,48,48,100,48,48,0.00
144,92,92,92,144,48,48,0.00
204,100,100,100,152,48,48,0.00
200,96,96,96,144,48,48,0.00
148,96,96,96,148,48,48,0.00
148,48,48,96,96,48,48,0.00
160,56,56,56,108,56,4,0.00
144,96,96,96,144,48,48,0.00
196,96,96,96,144,48,48,0.00
200,96,96,96,144,48,48,0.00
152,104,104,104,152,48,48,0.00
152,48,48,48,100,48,48,0.00
144,96,48,96,144,48,48,0.00
196,96,96,96,144,48,48,0.00
208,104,104,104,160,56,56,0.00
144,96,96,96,144,48,48,0.00
148,48,48,100,100,48,48,0.00
148,48,48,100,100,48,48,0.00
144,96,96,96,144,48,48,0.00
208,100,100,100,152,48,48,0.00
200,92,92,92,144,48,48,0.00
144,96,96,96,144,48,48,0.00
148,48,48,48,100,48,48,0.00
156,96,48,96,96,48,48,0.00
148,92,92,92,148,48,48,0.00
196,92,92,92,144,48,48,0.00
196,96,96,96,144,48,48,0.00
144,96,48,96,144,48,48,0.00
148,48,48,48,100,48,48,0.00
148,96,96,96,148,48,48,0.00
200,100,100,100,152,52,52,0.00
204,96,96,96,152,48,48,0.00
144,96,96,96,144,48,48,0.00
148,48,48,96,96,48,48,0.00
152,48,48,100,100,48,48,0.00
144,96,96,96,144,48,48,0.00
196,96,96,96,144,48,48,0.00
196,96,96,96,148,48,48,0.00
156,52,52,104,104,52,52,0.00
148,48,48,48,100,48,48,0.00
148,100,48,100,148,48,48,0.00
196,92,92,92,144,48,48,0.00
196,96,96,96,144,48,48,0.00
152,96,48,96,152,48,48,0.00
148,44,44,96,96,44,44,0.00
148,48,48,96,96,48,48,0.00
156,56,56,104,156,56,56,0.00
196,96,96,96,148,48,48,0.00
200,96,96,96,148,48,48,0.00
148,96,96,96,148,48,48,0.00
156,56,56,56,108,4,4,0.00
148,48,48,100,148,48,48,0.00
152,92,92,92,152,48,48,0.00
196,96,96,96,144,48,48,0.00
152,92,92,92,152,44,44,0.00
144,96,48,96,144,48,48,0.00
160,60,60,60,108,4,4,0.00
156,56,56,104,104,56,56,0.00
196,96,96,96,148,48,48,0.00
196,92,92,92,144,48,48,0.00
144,96,96,96,144,48,48,0.00
164,56,56,56,108,4,4,0.00
152,48,48,100,100,48,48,0.00
148,96,96,96,148,48,48,0.00
196,96,96,96,148,48,48,0.00
156,100,100,100,156,48,48,0.00
148,96,96,96,148,48,48,0.00
152,48,48,48,100,48,48,0.00
148,96,48,96,148,48,48,0.00
152,96,96,96,152,48,48,0.00
204,96,96,96,148,48,48,0.00
196,96,96,96,148,48,48,0.00
148,48,48,96,96,48,48,0.00
152,48,48,48,100,48,48,0.00
152,52,52,104,104,52,52,0.00
196,96,96,96,144,48,48,0.00
196,96,96,96,148,48,48,0.00
144,96,96,96,144,48,48,0.00
148,48,48,100,100,48,48,0.00
156,48,48,48,108,48,48,0.00
196,96,96,96,148,48,48,0.00
200,96,96,96,144,48,48,0.00
196,96,96,96,148,48,48,0.00
144,96,48,96,144,48,48,0.00
156,48,48,48,108,48,48,0.00
144,96,44,96,144,44,44,0.00
196,92,92,92,144,48,48,0.00
196,96,96,96,144,48,48,0.00
148,96,96,96,148,48,48,0.00
152,48,48,100,100,48,48,0.00
152,48,48,100,100,48,48,0.00
148,96,96,96,148,48,48,0.00
196,96,96,96,148,48,48,0.00
200,100,100,100,152,52,52,0.00
152,100,100,100,100,48,48,0.00
152,48,48,48,100,48,48,0.00
148,96,48,96,148,48,48,0.00
152,100,100,100,152,48,48,0.00
196,96,96,96,148,48,48,0.00
152,104,52,104,152,52,52,0.00
152,48,48,100,100,48,48,0.00
152,48,48,100,100,48,48,0.00
144,96,96,96,144,48,48,0.00
196,96,96,96,144,48,48,0.00
196,96,96,96,148,48,48,0.00
148,96,96,96,148,48,48,0.00
148,48,48,48,100,48,48,0.00
148,96,48,96,96,48,48,0.00
196,96,96,96,148,48,48,0.00
208,104,104,104,160,56,56,0.00
152,96,96,96,152,48,48,0.00
152,48,48,100,100,48,48,0.00
152,48,48,48,100,48,48,0.00
144,96,96,96,144,48,48,0.00
200,96,96,96,152,48,48,0.00
196,96,96,96,148,48,48,0.00
144,92,92,92,144,48,48,0.00
148,48,48,48,100,48,48,0.00
148,48,48,96,96,48,48,0.00
148,96,96,96,148,48,48,0.00
196,96,96,96,148,48,48,0.00
152,104,104,104,152,48,48,0.00
148,96,48,96,96,48,48,0.00
156,48,48,48,108,48,48,0.00
144,96,48,96,144,48,48,0.00
204,104,104,104,152,48,48,0.00
196,96,96,96,144,48,48,0.00
148,96,96,96,148,48,48,0.00
156,52,52,52,104,52,4,0.00
156,56,56,56,104,56,4,0.00
148,96,96,96,148,48,48,0.00
196,96,96,96,148,48,48,0.00
200,100,100,100,152,52,52,0.00
152,48,48,104,104,48,48,0.00
152,48,48,48,100,48,48,0.00
148,96,48,96,96,48,48,0.00
196,96,96,96,148,48,48,0.00
204,100,100,100,152,48,48,0.00
152,104,104,104,152,48,48,0.00
148,48,48,96,96,48,48,0.00
148,48,48,48,100,48,48,0.00
148,96,96,96,148,48,48,0.00
196,92,92,92,144,48,48,0.00
204,96,96,96,152,48,48,0.00
144,92,92,92,144,48,48,0.00
148,48,48,48,100,48,48,0.00
148,48,48,96,96,48,48,0.00
152,100,100,100,152,48,48,0.00
196,92,92,92,144,48,48,0.00
196,96,96,96,144,48,48,0.00
148,96,48,96,96,48,48,0.00
152,48,48,48,100,48,48,0.00
152,100,100,100,100,48,48,0.00
196,96,96,96,148,48,48,0.00
200,96,96,96,144,48,48,0.00
144,96,96,96,144,48,48,0.00
148,48,48,48,100,48,48,0.00
156,48,48,48,104,48,48,0.00
148,96,96,96,148,48,48,0.00
196,96,96,96,148,48,48,0.00
196,96,96,96,148,48,48,0.00
152,48,48,48,104,48,48,0.00
152,48,48,48,100,48,48,0.00
148,96,48,96,96,48,48,0.00
196,92,92,92,144,48,48,0.00
204,96,96,96,152,48,48,0.00
152,100,100,100,152,48,48,0.00
152,48,48,100,100,48,48,0.00
152,48,48,48,100,48,48,0.00
152,52,52,104,104,52,52,0.00
196,96,96,96,144,48,48,0.00
204,104,104,104,152,56,56,0.00
156,100,100,100,100,48,48,0.00
148,48,48,48,100,48,48,0.00
156,48,48,48,104,48,48,0.00
196,96,96,96,148,48,48,0.00
196,92,92,92,144,48,48,0.00
152,104,104,104,152,48,48,0.00
148,48,48,96,96,48,48,0.00
152,48,48,48,100,48,48,0.00
144,96,96,96,144,48,48,0.00
196,96,96,96,144,48,48,0.00
160,100,100,100,160,48,48,0.00
148,96,96,96,148,48,48,0.00
152,48,48,48,100,48,48,0.00
148,48,48,96,96,48,48,0.00
156,96,96,96,96,48,48,0.00
196,96,96,96,148,48,48,0.00
196,92,92,92,144,48,48,0.00
148,96,48,96,96,48,48,0.00
152,48,48,48,100,48,48,0.00
148,100,48,100,100,48,48,0.00
192,92,92,92,144,44,44,0.00
196,96,96,96,144,48,48,0.00
148,96,96,96,148,48,48,0.00
152,48,48,100,100,48,48,0.00
156,48,48,100,100,48,48,0.00
144,96,96,96,144,48,48,0.00
196,96,96,96,148,48,48,0.00
196,96,96,96,148,48,48,0.00
148,92,92,92,92,48,48,0.00
152,48,48,48,100,4,48,0.00
148,96,48,96,96,48,48,0.00
196,96,96,96,148,48,48,0.00
196,92,92,92,144,48,48,0.00
152,100,100,100,152,48,48,0.00
152,48,48,100,100,48,48,0.00
152,48,48,48,100,48,48,0.00
144,96,96,96,144,48,48,0.00
204,104,104,104,152,56,56,0.00
208,100,100,100,152,52,52,0.00
156,96,96,96,96,48,48,0.00
152,48,48,48,100,48,48,0.00
148,48,48,96,96,48,48,0.00
196,96,96,96,148,48,48,0.00
200,100,100,100,152,48,48,0.00
204,96,96,96,148,48,48,0.00
148,48,48,96,96,48,48,0.00
156,48,48,48,108,48,48,0.00
148,96,96,96,96,48,48,0.00
200,96,96,96,152,48,48,0.00
196,96,96,96,148,48,48,0.00
144,96,96,96,144,48,48,0.00
148,48,48,96,96,48,48,0.00
156,56,56,56,108,56,4,0.00
156,104,104,104,104,48,48,0.00
196,96,96,96,144,48,48,0.00
196,96,96,96,148,48,48,0.00
148,96,48,96,96,48,48,0.00
164,56,56,56,116,4,4,0.00
148,100,48,100,100,48,48,0.00
196,96,96,96,148,48,48,0.00
196,92,92,92,144,48,48,0.00
156,104,56,104,104,56,56,0.00
156,48,48,100,100,48,48,0.00
152,48,48,48,100,48,48,0.00
144,96,96,96,144,48,48,0.00
204,104,104,104,152,56,56,0.00
200,96,96,96,144,48,48,0.00
152,52,52,104,104,52,52,0.00
148,48,48,48,100,48,48,0.00
148,44,44,96,96,44,44,0.00
196,96,96,96,144,48,48,0.00
196,96,96,96,148,48,48,0.00
152,96,96,96,152,48,48,0.00
148,48,48,100,100,48,48,0.00
152,48,48,48,100,48,48,0.00
148,96,96,96,96,48,48,0.00
204,100,100,100,152,48,48,0.00
200,96,96,96,144,48,48,0.00
148,96,96,96,148,48,48,0.00
152,48,48,48,100,48,48,0.00
148,48,48,100,100,48,48,0.00
156,104,104,104,104,56,56,0.00
204,92,92,92,156,44,44,0.00
196,96,96,96,144,48,48,0.00
148,96,48,96,96,48,48,0.00
148,48,48,48,100,48,48,0.00
156,56,56,56,108,56,56,0.00
196,96,96,96,148,48,48,0.00
196,96,96,96,148,48,48,0.00
144,92,92,92,144,48,48,0.00
148,48,48,100,100,48,48,0.00
152,44,44,104,104,44,44,0.00
148,96,96,96,148,48,48,0.00
196,96,96,96,148,48,48,0.00
196,96,96,96,148,48,48,0.00
148,96,96,96,96,48,48,0.00
148,44,44,44,100,44,44,0.00
156,52,52,52,104,52,52,0.00
196,96,96,96,148,48,48,0.00
196,92,92,92,144,48,48,0.00
156,104,104,104,104,56,56,0.00
148,48,48,100,100,48,48,0.00
152,48,48,48,104,48,48,0.00
148,96,96,96,96,48,48,0.00
196,92,92,92,144,48,48,0.00
156,108,108,108,156,52,52,0.00
148,96,96,96,96,48,48,0.00
152,48,48,48,100,48,48,0.00
148,48,48,96,96,48,48,0.00
156,100,100,100,100,48,48,0.00
204,96,96,96,152,48,48,0.00
196,96,96,96,148,48,48,0.00
148,96,48,96,96,48,48,0.00
156,56,56,56,108,4,4,0.00
152,100,48,100,100,48,48,0.00
196,96,96,96,148,48,48,0.00
196,96,96,96,148,48,48,0.00
156,104,48,104,104,48,48,0.00
152,48,48,100,100,48,48,0.00
152,48,48,100,100,48,48,0.00
144,92,92,92,144,48,48,0.00
204,100,100,100,152,56,56,0.00
152,96,96,96,152,48,48,0.00
148,96,48,96,96,48,48,0.00
152,48,48,48,100,4,4,0.00
152,100,48,100,100,48,48,0.00
196,96,96,96,144,48,48,0.00
196,96,96,96,148,48,48,0.00
148,96,96,96,148,48,48,0.00
164,56,56,56,112,56,56,0.00
152,48,48,48,100,48,48,0.00
148,96,96,96,96,48,48,0.00
196,96,96,96,148,48,48,0.00
156,100,100,100,156,52,52,0.00
148,96,96,96,96,48,48,0.00
148,48,48,48,100,48,48,0.00
152,48,48,100,100,48,48,0.00
152,96,96,96,152,48,48,0.00
204,96,96,96,152,48,48,0.00
196,92,92,92,144,48,48,0.00
148,96,48,96,96,48,48,0.00
152,48,48,48,100,48,48,0.00
148,48,48,96,96,48,48,0.00
196,96,96,96,148,48,48,0.00
200,100,100,100,152,52,52,0.00
144,92,92,92,144,48,48,0.00
148,48,48,96,96,48,48,0.00
156,56,56,56,108,56,56,0.00
156,104,56,104,104,56,56,0.00
196,96,96,96,144,48,48,0.00
196,96,96,96,148,48,48,0.00
148,96,96,96,96,48,48,0.00
164,56,56,56,112,4,4,0.00
148,48,48,100,100,48,48,0.00
196,96,96,96,144,48,48,0.00
196,96,96,96,148,48,48,0.00
156,104,48,104,104,48,48,0.00
148,48,48,96,96,48,48,0.00
148,48,48,48,100,48,48,0.00
148,96,96,96,96,48,48,0.00
204,96,96,96,148,48,48,0.00
200,96,96,96,152,48,48,0.00
148,96,96,96,96,48,48,0.00
148,48,48,100,100,48,48,0.00
152,48,48,100,100,48,48,0.00
148,96,96,96,96,48,48,0.00
196,96,96,96,148,48,48,0.00
144,92,92,92,144,48,48,0.00
148,96,96,96,96,48,48,0.00
148,48,48,48,100,48,48,0.00
148,96,48,96,96,48,48,0.00
204,96,96,96,148,48,48,0.00
196,96,96,96,148,48,48,0.00
148,96,96,96,148,48,48,0.00
156,48,48,100,100,48,48,0.00
152,48,48,48,100,48,48,0.00
144,92,92,92,92,48,48,0.00
196,92,92,92,144,48,48,0.14
196,96,96,96,148,48,48,0.14
148,96,96,96,96,48,48,0.14
164,56,56,56,116,4,4,0.29
148,96,48,96,96,48,48,0.29
196,96,96,96,144,48,48,0.29
196,96,96,96,148,48,48,0.43
144,96,96,96,144,48,48,0.43
148,48,48,96,96,48,48,0.58
148,48,48,96,96,48,48,0.58
156,104,56,104,104,56,56,0.58
204,96,96,96,152,48,48,0.58
196,96,96,96,144,48,48,0.58
148,96,48,96,96,48,48,0.72
160,56,56,56,108,4,4,0.72
148,96,96,96,96,48,48,0.72
196,92,92,92,144,48,48,0.72
196,96,96,96,144,48,48,0.86
156,52,52,104,104,52,52,0.86
148,48,48,48,100,48,48,0.86
152,48,48,100,100,48,48,0.86
196,92,92,92,144,48,48,1.01
196,92,92,92,144,48,48,1.15
144,96,96,96,144,48,48,1.15
148,48,48,48,100,48,48,1.15
152,48,48,100,100,48,48,1.15
152,100,52,100,100,52,52,1.15
208,100,100,100,152,52,52,1.15
156,104,104,104,104,56,56,1.15
156,48,48,104,104,48,48,1.15
156,48,48,48,104,48,48,1.29
148,96,96,96,96,48,48,1.29
196,96,96,96,148,48,48,1.29
196,96,96,96,148,48,48,1.29
156,100,48,100,100,48,48,1.29
152,48,48,48,100,48,48,1.29
148,100,48,100,100,48,48,1.29
200,100,100,100,152,52,52,1.29
200,100,100,100,152,52,52,1.29
148,48,48,96,96,48,48,1.29
148,48,48,48,100,48,48,1.29
152,48,48,96,96,48,48,1.29
196,96,96,96,148,48,48,1.29
196,96,96,96,144,48,48,1.29
144,96,96,96,144,48,48,1.29
148,48,48,100,100,48,48,1.44
152,48,48,48,104,48,48,1.44
152,96,96,96,152,48,48,1.44
196,92,92,92,144,48,48,1.44
196,96,96,96,144,48,48,1.44
148,96,48,96,96,48,48,1.44
148,48,48,48,100,48,48,1.44
148,96,48,96,96,48,48,1.44
144,96,96,96,144,48,48,1.44
196,96,96,96,144,48,48,1.44
144,92,92,92,144,44,44,1.44
160,56,56,56,108,4,4,1.44
148,48,48,48,100,48,48,1.44
152,100,52,100,100,52,52,1.44
200,96,96,96,152,48,48,1.44
196,96,96,96,144,48,48,1.44
156,56,56,56,108,56,56,1.44
152,48,48,48,100,48,48,1.44
148,96,48,96,96,48,48,1.44
196,96,96,96,144,48,48,1.44
204,100,100,100,152,48,48,1.44
156,48,48,104,104,48,48,1.44
156,48,48,48,108,48,48,1.44
148,48,48,96,96,48,48,1.44
196,96,96,96,148,48,48,1.44
196,96,96,96,148,48,48,1.44
196,96,96,96,148,48,48,1.44
156,48,48,48,108,48,48,1.44
156,48,48,48,100,48,48,1.44
144,92,92,92,144,44,44,1.44
196,96,96,96,144,48,48,1.44
196,92,92,92,144,48,48,1.58
148,96,48,96,96,48,48,1.58
156,48,48,48,100,48,48,1.58
152,100,48,100,100,48,48,1.58
204,104,104,104,152,56,56,1.58
204,104,104,104,152,56,56,1.58
156,56,56,104,104,56,56,1.58
152,48,48,48,104,48,48,1.58
152,48,48,100,100,48,48,1.58
144,96,96,96,144,48,48,1.58
196,96,96,96,148,48,48,1.58
196,96,96,96,148,48,48,1.58
148,48,48,96,96,48,48,1.58
156,48,48,48,108,48,48,1.58
144,96,96,96,144,48,48,1.58
196,92,92,92,144,48,48,1.58
196,96,96,96,148,48,48,1.58
148,100,48,100,100,48,48,1.58
148,48,48,48,100,48,48,1.58
156,52,52,52,108,52,52,1.58
200,100,100,100,152,48,48,1.58
200,100,100,100,148,52,52,1.58
152,52,52,104,104,52,52,1.58
156,56,56,56,108,4,4,1.73
148,48,48,100,100,48,48,1.73
196,96,96,96,148,48,48,1.73
196,96,96,96,148,48,48,1.73
148,96,48,96,96,48,48,1.87
148,48,48,48,100,48,48,1.87
152,48,48,48,100,48,48,1.87
172,72,72,72,120,16,16,1.87
204,104,104,104,152,56,56,2.01
152,100,100,100,152,52,52,2.01
152,48,48,96,96,48,48,2.01
156,48,48,48,100,48,48,2.01
152,100,48,100,100,48,48,2.16
200,96,96,96,144,48,48,2.30
196,96,96,96,148,48,48,2.30
148,96,48,96,96,48,48,2.30
152,48,48,48,104,48,48,2.45
148,48,48,96,96,48,48,2.45
156,48,48,48,108,4,48,2.45
204,100,100,100,152,48,48,2.59
152,96,48,96,96,48,48,2.73
156,48,48,48,100,48,48,2.73
152,48,48,48,100,48,48,2.73
196,96,96,96,148,48,48,2.88
196,96,96,96,148,48,48,2.88
144,92,92,92,144,44,44,2.88
156,52,52,52,104,52,4,3.02
152,48,48,48,100,48,48,3.02
144,96,96,96,144,48,48,3.16
196,92,92,92,144,48,48,3.31
196,96,96,96,144,48,48,3.31
152,48,48,48,100,48,48,3.45
152,48,48,48,100,48,48,3.60
152,96,48,96,152,48,48,3.60
200,100,100,100,152,48,48,3.60
156,96,48,96,96,48,48,3.74
148,48,48,48,100,48,48,3.74
152,48,48,48,104,48,48,4.03
152,48,48,100,100,48,48,4.03
196,92,92,92,144,48,48,4.17
196,96,96,96,144,48,48,4.17
152,48,48,48,100,48,48,4.31
148,48,48,48,100,48,48,4.31
160,56,56,56,108,56,56,4.31
196,96,48,96,148,48,48,4.60
200,96,96,96,144,48,48,4.60
152,48,48,100,100,48,48,4.60
152,48,48,48,100,48,48,4.75
156,48,48,48,108,48,48,4.75
156,48,48,104,156,48,48,4.89
200,96,96,96,144,48,48,4.89
148,48,48,96,96,48,48,4.89
156,48,48,48,108,48,48,4.89
148,48,48,48,100,48,48,4.89
148,96,48,96,148,48,48,5.03
196,96,96,96,148,48,48,5.18
196,96,48,96,144,48,48,5.32
152,48,48,48,100,48,48,5.32
148,48,48,48,100,48,48,5.61
148,48,48,100,148,48,48,5.61
196,92,92,92,144,48,48,5.90
196,96,48,96,148,48,48,5.90
164,48,48,48,100,48,48,6.04
152,48,48,48,100,48,48,6.18
156,48,48,48,108,48,48,6.33
204,96,96,96,152,48,48,6.47
200,96,48,96,144,48,48,6.62
152,48,48,48,100,48,48,6.62
152,48,48,48,100,48,48,6.76
156,56,56,56,108,56,56,6.90
204,48,48,104,156,48,48,7.05
152,96,48,96,152,48,48,7.05
156,48,48,48,104,48,48,7.34
148,48,48,48,100,48,48,7.34
152,48,48,48,100,48,48,7.48
200,100,100,100,152,48,48,7.48
148,48,48,48,100,48,48,7.62
156,48,48,48,108,48,48,7.77
152,48,48,48,104,48,48,7.77
148,48,48,48,100,48,48,7.91
196,96,96,96,148,48,48,8.05
196,96,96,96,148,48,48,8.05
152,48,48,48,100,48,48,8.20
148,48,48,48,100,48,48,8.20
152,48,48,48,100,48,48,8.49
196,96,48,96,148,48,48,8.49
196,96,96,96,144,48,48,8.77
160,56,56,56,108,56,56,8.77
148,48,48,48,100,48,48,9.06
148,48,48,48,100,48,48,9.06
204,100,48,100,148,48,48,9.35
196,96,96,96,148,48,48,9.35
152,48,48,48,100,48,48,9.49
152,48,48,48,100,48,48,9.49
148,48,48,48,100,48,48,9.64
156,48,48,48,108,48,48,9.64
204,104,104,104,152,48,48,9.78
156,52,52,52,104,52,52,9.78
152,48,48,48,100,48,48,9.78
156,48,48,48,100,48,48,9.78
148,48,48,96,96,48,48,9.92
168,64,64,64,120,64,64,9.92
148,48,48,48,100,48,48,10.07
152,48,48,48,100,48,48,10.21
152,48,48,48,100,48,48,10.35
152,48,48,48,100,48,48,10.50
168,48,48,48,120,48,48,10.64
152,48,48,48,100,48,48,10.79
148,48,48,48,100,48,48,10.93
152,48,48,48,100,48,48,11.07
152,48,48,48,100,48,48,11.22
200,100,48,100,100,48,48,11.36
148,48,48,48,100,48,48,11.36
152,48,48,48,100,48,48,11.50
148,48,48,48,100,48,48,11.65
152,48,48,48,100,48,48,11.79
196,96,48,96,96,48,48,11.94
148,48,48,48,100,48,48,12.08
152,48,48,48,100,48,48,12.37
156,48,48,48,108,48,48,12.37
156,56,56,56,108,56,56,12.65
204,48,48,96,96,48,48,12.65
160,48,48,48,100,48,48,12.94
152,48,48,48,100,48,48,12.94
148,48,48,48,100,48,48,13.23
164,48,48,48,100,48,48,13.52
148,48,48,96,96,48,48,13.52
148,48,48,48,100,48,48,13.81
156,48,48,48,104,48,48,13.95
156,48,48,48,100,48,48,14.09
156,48,48,48,100,48,48,14.24
156,56,56,56,108,56,56,14.52
156,48,48,48,104,48,48,14.52
156,48,48,48,108,48,48,14.67
148,48,48,48,100,48,48,14.67
156,48,48,48,108,48,48,14.96
156,56,56,56,108,56,56,15.10
156,48,48,48,100,48,48,15.10
156,48,48,48,104,48,48,15.24
148,48,48,48,100,48,48,15.24
148,48,48,48,100,48,48,15.39
152,48,48,96,96,48,48,15.53
148,48,48,48,100,48,48,15.68
156,52,52,52,104,52,52,15.82
156,52,52,52,108,52,52,16.11
156,48,48,48,100,48,48,16.11
164,60,60,60,112,60,60,16.39
156,56,56,56,108,56,56,16.54
156,48,48,48,100,48,48,16.54
156,48,48,48,108,48,48,16.68
156,48,48,48,104,48,48,16.83
156,52,52,52,104,52,52,16.97
156,52,52,52,104,52,52,17.11
152,48,48,48,104,48,48,17.40
148,44,44,44,100,44,44,17.55
152,48,48,48,100,48,48,17.69
148,48,48,96,96,48,48,17.98
152,48,48,48,104,48,48,18.12
148,48,48,48,100,48,48,18.26
148,48,48,48,100,48,48,18.41
152,48,48,48,100,48,48,18.41
148,48,48,100,100,48,48,18.70
152,48,48,48,100,48,48,18.98
152,48,48,48,100,48,48,18.98
152,48,48,48,100,48,48,19.27
148,48,48,48,100,48,48,19.27
148,48,48,48,100,48,48,19.42
152,48,48,48,100,48,48,19.70
148,48,48,48,100,48,48,19.70
152,48,48,48,100,48,48,19.99
148,48,48,48,100,48,48,20.13
148,48,48,96,96,48,48,20.13
148,48,48,48,100,48,48,20.42
152,48,48,48,100,48,48,20.57
152,48,48,48,100,48,48,20.57
148,48,48,48,100,48,48,20.85
148,44,44,44,100,44,44,20.85
152,48,48,48,100,48,48,21.00
152,48,48,48,100,48,48,21.29
172,48,48,48,104,48,48,21.29
156,56,56,56,108,56,56,21.57
156,52,52,52,104,52,52,21.72
152,48,48,48,100,48,48,21.72
100,48,48,48,100,48,48,22.00
152,48,48,48,100,48,48,22.00
152,48,48,48,100,48,48,22.29
148,48,48,100,100,48,48,22.29
148,48,48,48,100,48,48,22.29
152,48,48,48,100,48,48,22.44
152,48,48,48,100,48,48,22.44
148,48,48,48,100,48,48,22.72
148,44,44,96,96,44,44,22.72
148,48,48,48,100,48,48,22.72
100,48,48,48,100,48,48,23.01
100,48,48,48,100,48,48,23.16
156,56,56,56,108,56,56,23.30
148,48,48,100,100,48,48,23.59
156,56,56,56,108,56,56,23.59
108,48,48,48,108,48,48,23.73
156,48,48,48,108,48,48,23.87
152,48,48,48,100,48,48,23.87
152,48,48,100,100,48,48,24.02
152,48,48,48,100,48,48,24.02
100,48,48,48,100,48,48,24.16
148,48,48,48,100,48,48,24.31
164,48,48,48,100,48,48,24.45
148,48,48,96,96,48,48,24.74
152,48,48,48,100,48,48,24.88
100,48,48,48,100,48,48,25.03
152,48,48,48,104,48,48,25.17
148,44,44,44,100,44,44,25.31
152,48,48,48,100,48,48,25.31
152,48,48,48,100,48,48,25.46
100,48,48,48,100,48,48,25.60
108,48,48,48,108,48,48,25.60
156,56,56,56,108,56,56,25.89
168,48,48,96,96,48,48,25.89
152,48,48,48,100,48,48,26.03
100,48,48,48,100,48,48,26.18
152,48,48,48,100,48,48,26.32
152,48,48,48,104,48,48,26.61
168,68,68,68,120,68,68,26.61
152,48,48,48,100,48,48,26.90
100,48,48,48,100,48,48,26.90
104,52,52,52,104,52,52,26.90
156,52,52,52,104,52,52,27.04
152,48,48,100,100,48,48,27.04
156,52,52,52,104,52,52,27.33
104,48,48,48,104,48,48,27.33
104,52,52,52,104,52,52,27.47
164,48,48,48,108,48,48,27.61
148,48,48,100,100,48,48,27.61
108,48,48,48,108,48,48,27.90
100,48,48,48,100,48,48,28.05
100,48,48,48,100,48,48,28.19
152,48,48,48,100,48,48,28.33
164,48,48,48,100,48,48,28.48
156,48,48,48,100,48,48,28.62
100,48,48,48,100,48,48,28.62
104,48,48,48,104,48,48,28.77
148,48,48,48,100,48,48,28.91
152,48,48,48,100,48,48,29.05
120,48,48,48,120,48,48,29.20
100,48,48,48,100,48,48,29.34
100,48,48,48,100,48,48,29.48
156,48,48,48,104,48,48,29.48
152,48,48,48,100,48,48,29.48
148,48,48,48,100,48,48,29.63
100,48,48,48,100,48,48,29.77
100,48,48,48,100,48,48,29.92
152,48,48,48,100,48,48,30.06
152,48,48,48,100,48,48,30.06
152,48,48,48,100,48,48,30.06
100,48,48,48,100,48,48,30.06
100,48,48,48,100,48,48,30.20
152,48,48,48,100,48,48,30.35
148,48,48,48,100,48,48,30.49
156,56,56,56,108,56,56,30.64
124,72,72,72,72,72,72,30.78
100,48,48,48,100,48,48,30.92
152,48,48,48,100,48,48,31.07
152,48,48,48,100,48,48,31.21
148,48,48,48,100,48,48,31.21
100,48,48,48,100,48,48,31.21
108,56,56,56,108,56,56,31.35
104,48,48,48,104,48,48,31.50
156,48,48,48,104,48,48,31.64
156,48,48,48,108,48,48,31.79
108,52,52,52,108,52,52,31.93
100,48,48,48,100,48,48,31.93
104,48,48,48,104,48,48,32.07
116,64,64,64,116,64,64,32.07
148,48,48,48,96,48,96,32.36
152,48,48,48,100,48,48,32.51
100,48,48,48,100,48,48,32.65
100,48,48,48,100,48,48,32.79
168,48,48,48,100,48,100,32.79
148,48,48,48,100,48,100,32.94
148,48,48,48,100,48,48,32.94
100,48,48,48,100,48,48,33.22
100,48,48,48,100,48,48,33.37
148,48,48,48,100,48,100,33.51
152,48,48,48,100,48,100,33.80
100,48,48,48,100,48,48,33.80
100,48,48,48,100,48,48,33.94
108,56,56,56,108,56,56,33.94
156,48,48,48,100,48,100,34.09
156,48,48,48,96,48,96,34.23
152,48,48,48,100,48,100,34.38
108,48,48,48,108,48,48,34.66
100,48,48,48,100,48,48,34.66
148,48,48,48,100,48,100,34.81
148,48,48,48,96,96,96,34.81
148,48,48,48,100,48,100,35.09
100,48,48,48,100,48,48,35.09
100,48,48,48,100,48,100,35.24
152,48,48,48,100,48,100,35.24
148,48,48,48,96,96,96,35.38
152,48,48,48,100,48,100,35.53
100,48,48,48,100,48,48,35.53
100,48,48,48,100,48,100,35.67
148,48,48,48,96,96,96,35.67
156,48,48,48,96,96,96,35.96
148,48,48,48,96,48,96,35.96
104,48,48,48,48,48,48,36.10
100,48,48,48,100,48,100,36.10
148,48,48,48,96,96,96,36.25
164,48,48,48,96,96,96,36.39
148,48,48,48,96,96,96,36.53
96,48,48,48,96,48,96,36.68
108,56,56,56,56,56,56,36.82
148,48,48,48,96,96,96,36.96
148,48,48,48,96,96,96,37.11
148,48,48,48,96,96,96,37.25
96,48,48,48,96,48,96,37.40
96,48,48,48,96,48,96,37.54
116,64,64,64,64,64,116,37.68
96,48,48,48,96,48,96,37.83
148,48,48,48,96,96,96,38.12
112,52,52,52,52,52,112,38.12
108,48,48,48,48,48,108,38.40
152,48,48,48,96,96,96,38.40
152,48,48,48,100,100,100,38.69
124,68,68,68,124,68,124,38.69
104,52,52,52,104,52,104,38.98
100,48,48,48,100,48,100,39.27
104,56,56,56,104,104,104,39.27
152,52,52,52,100,100,100,39.27
156,48,48,48,104,104,104,39.27
96,48,48,48,96,96,96,39.41
100,48,48,48,100,100,100,39.41
100,48,48,48,100,100,100,39.55
148,48,48,48,96,96,96,39.55
148,48,48,96,96,96,96,39.70
156,48,48,48,96,96,96,39.70
96,48,48,48,96,96,96,39.84
100,48,48,48,100,100,100,39.84
152,48,48,48,100,100,100,40.13
144,48,48,96,96,96,144,40.13
96,48,48,48,96,96,96,40.42
96,48,48,48,96,96,96,40.56
96,48,48,48,96,96,96,40.70
148,48,48,48,100,100,100,40.70
144,48,48,92,92,92,144,40.85
148,48,48,48,96,96,96,40.99
104,48,48,48,48,104,104,41.14
100,48,48,48,100,100,100,41.28
152,48,48,96,96,96,96,41.42
148,48,96,96,96,96,148,41.57
148,48,48,48,96,96,96,41.57
96,48,48,48,96,96,96,41.71
104,48,48,48,48,104,104,41.86
100,52,52,52,100,100,100,42.00
148,48,96,96,96,96,148,42.00
148,44,44,92,92,92,148,42.14
100,48,48,48,100,100,100,42.14
108,56,56,56,56,108,108,42.14
112,64,64,64,64,112,112,42.14
144,48,92,92,92,92,144,42.29
144,44,92,92,92,92,144,42.43
96,48,48,48,96,96,96,42.57
96,48,48,48,96,96,96,42.72
144,48,96,96,96,96,144,42.86
144,92,92,92,92,92,144,43.01
144,48,92,92,92,92,144,43.15
92,48,48,92,92,92,144,43.29
100,48,48,48,100,100,148,43.44
144,44,92,92,92,92,144,43.58
140,92,92,92,92,140,140,43.58
144,48,92,92,92,92,144,43.73
92,48,92,92,92,92,144,43.73
104,56,56,56,56,104,104,43.87
144,48,96,96,96,96,144,43.87
140,92,92,92,92,140,140,44.01
140,92,92,92,92,140,140,44.01
96,48,96,96,96,96,148,44.30
92,48,92,92,92,92,144,44.30
148,48,96,96,96,96,148,44.59
144,92,92,92,92,144,144,44.59
140,92,92,92,92,140,140,44.73
112,64,112,112,64,112,164,44.73
96,48,96,96,96,96,148,45.02
144,92,92,92,92,144,144,45.16
140,92,92,92,92,140,140,45.31
144,92,92,92,92,144,144,45.45
92,92,92,92,92,92,144,45.60
92,48,92,92,92,92,144,45.74
144,92,92,92,92,144,144,45.74
140,92,92,140,92,140,192,45.88
144,92,92,92,92,144,144,45.88
92,92,92,92,92,92,144,46.17
92,92,92,92,92,92,144,46.17
92,92,92,92,92,92,148,46.32
148,100,100,148,100,148,200,46.46
140,92,140,140,92,140,192,46.75
92,92,92,92,92,92,144,46.75
92,92,92,92,92,92,148,46.89
100,100,100,100,100,152,152,46.89
148,100,148,148,100,148,200,47.18
92,92,92,92,92,92,160,47.18
88,88,88,88,88,144,144,47.47
92,92,92,92,92,144,144,47.47
144,100,144,144,100,144,200,47.47
136,92,136,136,92,136,192,47.47
140,92,140,140,92,140,192,47.61
92,92,92,144,92,144,144,47.75
92,92,144,144,92,144,192,47.90
136,92,136,136,92,136,192,48.04
144,144,144,144,92,144,196,48.33
92,92,140,140,92,140,140,48.47
92,92,144,144,92,144,144,48.62
144,92,144,144,92,144,196,48.76
144,144,144,144,96,144,196,48.90
140,140,140,140,92,140,192,49.05
92,92,140,140,92,140,192,49.19
100,100,148,148,100,148,200,49.34
140,140,140,192,92,140,192,49.34
136,136,188,188,92,136,188,49.62
140,140,140,192,92,140,192,49.62
92,92,144,144,92,144,192,49.91
108,108,160,160,108,160,212,50.06
136,136,184,184,92,136,184,50.20
136,136,188,188,92,136,188,50.49
92,140,140,188,92,140,188,50.49
92,136,136,188,92,136,188,50.77
148,148,148,204,92,148,204,50.77
136,136,188,188,92,136,236,51.06
136,136,188,188,92,136,188,51.06
92,140,140,192,92,140,192,51.06
108,156,156,208,48,156,208,51.21
136,136,188,244,92,188,188,51.35
136,184,184,232,92,184,232,51.64
92,144,196,196,92,144,196,51.64
96,144,196,196,96,144,196,51.78
136,136,184,236,92,184,236,51.93
156,156,208,208,104,156,208,52.07
136,184,184,232,92,184,232,52.21
92,140,188,188,92,140,188,52.36
92,156,204,204,92,156,204,52.36
144,192,192,240,100,192,240,52.64
144,144,212,260,92,144,212,52.64
92,184,184,236,92,184,236,52.93
92,184,184,236,92,184,184,53.22
136,184,232,232,92,184,232,53.22
144,192,240,240,100,192,240,53.51
140,184,236,236,92,184,236,53.51
92,188,188,236,92,188,236,53.65
108,204,204,256,108,156,204,53.80
140,184,232,292,92,184,232,53.94
136,184,232,284,92,184,232,54.08
92,188,236,236,92,188,236,54.23
104,204,204,256,104,156,204,54.37
136,232,232,280,92,184,232,54.51
136,236,284,284,136,188,236,54.51
140,200,248,300,92,200,248,54.51
96,188,236,288,96,188,236,54.66
140,232,284,284,92,184,232,54.80
136,248,296,296,136,180,248,54.80
144,236,288,288,92,188,236,55.09
92,232,232,284,92,184,232,55.23
92,232,280,280,92,184,232,55.38
136,244,292,344,136,196,244,55.67
136,292,292,344,136,184,232,55.81
92,252,300,300,92,184,252,55.95
92,236,288,288,92,188,236,56.24
140,280,332,332,140,188,280,56.24
136,276,328,376,136,228,276,56.38
136,236,288,336,136,184,236,56.67
92,232,284,348,92,184,232,56.67
136,276,332,380,136,180,276,56.82
136,284,332,384,136,236,284,57.10
108,296,296,396,108,200,248,57.10
92,280,328,376,136,184,232,57.39
140,280,332,388,140,188,280,57.68
160,300,364,412,160,208,300,57.68
136,276,332,384,136,232,276,57.97
96,284,332,384,144,188,236,58.11
88,276,324,376,136,228,276,58.11
136,336,384,432,180,232,280,58.40
136,324,372,424,136,228,276,58.54
136,276,328,376,136,184,276,58.54
136,324,372,424,136,228,276,58.83
136,328,376,476,180,228,272,58.97
136,332,380,432,136,188,284,58.97
136,328,380,432,136,184,280,59.26
136,328,380,428,188,232,280,59.41
156,340,392,496,200,248,292,59.41
136,328,376,476,180,228,272,59.69
136,328,380,428,136,228,280,59.84
152,340,392,440,152,200,292,59.84
140,376,432,480,188,232,280,59.98
136,336,388,484,180,228,276,60.12
140,328,384,432,184,184,280,60.27
136,372,420,472,184,228,276,60.41
136,384,432,480,180,232,280,60.56
136,372,436,488,184,228,276,60.70
136,336,384,484,180,228,288,60.84
132,368,420,468,180,228,272,60.99
184,380,428,528,228,228,276,61.13
136,368,416,516,224,224,272,61.28
136,332,380,480,184,228,284,61.42
136,376,424,524,224,224,272,61.71
188,424,424,524,232,232,280,61.85
136,376,424,524,232,232,280,61.99
132,368,420,468,180,228,272,62.28
140,376,424,524,232,232,280,62.28
188,432,432,532,232,232,280,62.57
136,368,416,524,224,224,272,62.71
144,384,432,480,232,232,280,62.71
180,416,468,524,224,224,276,63.00
184,428,476,528,232,232,284,63.00
180,368,420,516,224,224,272,63.15
144,376,428,524,232,232,280,63.43
180,416,464,576,272,228,320,63.43
180,412,464,564,272,224,320,63.72
184,380,428,528,228,228,276,63.86
180,416,416,516,224,224,272,63.86
180,420,476,524,276,228,276,63.86
180,416,464,564,272,224,272,64.01
180,420,420,520,224,224,272,64.15
180,416,464,516,224,224,272,64.15
224,420,468,568,268,224,316,64.44
196,436,436,536,288,240,288,64.44
180,424,424,524,224,224,272,64.58
184,420,468,520,276,228,276,64.73
236,428,484,532,284,236,284,64.73
228,420,468,520,276,228,276,65.02
180,416,416,520,272,224,272,65.02
184,420,472,520,276,232,276,65.16
224,472,472,572,328,224,268,65.45
236,428,476,528,284,236,284,65.45
188,428,428,528,232,232,288,65.73
224,464,464,516,272,224,272,65.88
232,468,468,568,276,232,276,66.02
224,420,468,520,276,224,276,66.31
184,436,436,536,276,228,276,66.45
228,468,468,516,276,228,276,66.60
240,480,480,536,288,240,288,66.74
224,468,468,520,272,224,272,66.89
224,420,472,520,272,224,272,67.03
268,464,464,564,316,224,316,67.17
276,480,480,580,340,232,276,67.32
224,420,472,520,272,224,272,67.46
240,432,480,528,288,240,288,67.60
288,444,492,544,288,224,288,67.75
268,460,460,560,316,224,316,68.04
236,428,476,528,284,236,284,68.18
220,460,460,512,268,220,268,68.32
272,460,460,560,316,224,316,68.61
276,476,476,576,324,232,276,68.76
224,460,460,512,268,224,268,68.90
272,472,472,524,324,228,272,69.04
288,480,480,584,336,244,288,69.04
268,464,464,564,324,224,268,69.33
268,468,468,520,268,224,268,69.33
272,468,468,520,320,224,272,69.33
272,464,464,564,368,224,320,69.48
268,468,468,568,316,224,316,69.48
276,420,468,520,324,228,276,69.76
268,484,484,536,324,224,268,69.91
316,460,508,556,364,224,316,70.05
280,472,472,524,332,236,280,70.34
268,476,476,528,316,224,268,70.34
280,472,472,524,328,236,280,70.63
312,456,508,556,360,224,312,70.63
280,472,472,524,328,228,280,70.63
268,460,460,516,320,224,268,70.77
292,456,456,556,360,244,292,70.77
316,464,464,564,368,224,316,71.06
276,468,468,516,324,228,276,71.20
272,468,468,520,324,224,272,71.20
320,464,464,564,368,228,276,71.49
320,464,464,564,368,228,320,71.49
276,464,464,520,324,228,276,71.63
268,460,460,516,316,224,268,71.92
324,472,472,572,376,232,276,71.92
316,460,460,564,364,224,316,72.21
280,472,472,536,328,236,280,72.21
316,468,468,524,316,224,272,72.50
316,460,460,560,364,224,316,72.50
312,456,456,564,360,224,312,72.50
316,460,460,512,316,224,268,72.78
316,468,468,516,316,224,272,72.78
360,456,456,556,360,220,312,73.07
320,468,468,520,368,228,272,73.07
316,460,460,512,364,224,272,73.21
316,464,464,516,364,224,268,73.36
360,464,464,564,360,224,316,73.50
316,464,464,516,364,224,268,73.50
320,464,464,516,368,228,276,73.79
316,464,464,516,368,224,268,73.93
368,464,464,564,416,232,320,74.08
316,464,464,516,368,224,268,74.08
324,468,468,516,372,232,276,74.22
324,472,472,520,376,224,276,74.51
360,504,504,552,408,224,312,74.51
328,472,472,520,376,236,280,74.80
316,424,472,520,360,224,268,74.80
328,472,472,524,376,232,284,75.08
376,472,472,572,420,236,284,75.08
320,464,464,512,368,228,272,75.37
320,464,464,512,368,224,268,75.52
368,464,464,516,368,224,272,75.52
364,460,460,560,412,224,320,75.66
368,464,464,516,368,224,272,75.66
320,464,464,516,368,228,276,75.80
360,464,464,516,416,224,268,75.80
368,464,464,564,416,232,320,75.95
328,476,476,528,376,236,284,75.95
324,464,464,516,372,232,276,76.24
376,468,468,528,420,236,284,76.24
408,504,504,556,408,224,316,76.52
376,484,484,536,376,236,284,76.52
360,456,456,508,360,220,268,76.81
412,460,460,532,412,224,312,76.81
408,504,456,556,408,224,316,77.10
364,468,468,520,364,228,272,77.10
360,460,460,508,360,224,268,77.24
380,476,476,528,428,244,288,77.24
404,504,452,560,404,220,312,77.53
332,484,484,532,380,240,288,77.53
364,464,464,516,364,224,272,77.67
392,488,488,540,392,236,284,77.67
412,460,460,560,412,224,268,77.96
360,464,464,516,360,224,268,78.11
368,464,464,516,368,228,276,78.11
412,460,460,568,412,224,316,78.39
412,460,460,512,412,228,276,78.39
372,472,472,520,372,224,268,78.68
360,456,456,508,408,224,268,78.68
416,468,468,568,416,224,272,78.97
404,456,456,556,404,220,268,78.97
372,468,468,520,372,232,280,79.26
376,472,472,524,424,224,272,79.26
412,464,464,564,412,232,276,79.54
376,492,492,544,428,236,284,79.54
368,464,464,512,368,228,276,79.83
380,476,476,528,428,236,284,79.83
416,464,464,564,416,232,276,80.12
408,456,456,508,408,224,272,80.26
368,464,464,520,416,232,276,80.26
404,456,456,504,404,220,268,80.55
436,484,484,536,436,224,292,80.55
408,456,456,508,408,224,272,80.84
372,432,432,484,372,220,272,80.84
408,456,456,508,408,224,272,80.98
420,468,468,516,420,236,280,81.27
408,456,456,508,408,224,272,81.27
368,464,464,516,416,228,276,81.56
408,456,456,508,408,224,268,81.56
460,508,460,560,460,228,276,81.85
412,464,464,512,412,224,268,81.85
416,464,464,516,416,232,276,82.13
460,460,460,560,460,228,276,82.13
460,460,460,560,460,232,276,82.13
412,464,464,512,412,228,276,82.13
416,464,464,516,416,224,272,82.13
452,504,452,552,452,224,312,82.42
460,460,460,516,460,224,276,82.42
408,456,456,508,408,224,268,82.71
416,468,468,516,416,228,272,82.71
452,504,452,552,452,224,312,82.85
420,468,468,520,420,236,280,83.00
424,472,472,524,424,240,284,83.00
412,460,460,512,412,228,272,83.28
464,464,464,516,464,236,280,83.28
464,464,464,516,416,232,276,83.43
412,464,464,512,412,224,272,83.72
412,460,460,512,412,224,276,83.72
460,508,460,560,460,228,276,84.00
456,456,456,508,456,228,272,84.00
416,464,464,516,416,232,276,84.15
416,464,464,516,416,224,272,84.15
460,512,460,560,460,232,276,84.29
456,456,456,516,456,228,272,84.44
408,456,456,508,408,224,272,84.58
464,464,464,516,464,228,276,84.72
452,500,500,552,452,268,312,84.87
464,464,464,516,464,236,280,85.01
424,476,424,528,424,224,272,85.15
460,460,460,512,460,228,276,85.30
456,508,456,508,456,268,316,85.44
456,456,456,508,456,228,272,85.59
424,476,424,532,424,224,272,85.73
476,476,476,528,476,232,276,85.87
456,456,456,516,456,228,276,86.02
428,480,428,532,428,244,292,86.02
408,456,456,508,408,224,268,86.31
464,464,464,516,464,232,276,86.45
504,504,504,556,504,268,312,86.59
460,460,460,512,460,228,276,86.74
452,452,452,508,452,224,272,86.74
504,504,456,504,456,228,272,87.02
484,484,484,536,484,224,316,87.02
460,460,460,512,460,232,276,87.31
480,480,480,480,408,224,268,87.46
500,500,452,552,500,224,268,87.60
464,464,464,516,464,268,268,87.74
452,452,452,504,452,224,268,87.89
464,464,464,516,464,232,276,88.18
520,472,472,520,472,240,288,88.18
508,460,460,508,460,224,268,88.46
476,476,424,524,424,224,268,88.61
460,460,460,528,460,224,268,88.75
504,504,456,556,504,228,272,89.04
460,460,460,512,460,232,276,89.18
456,456,456,508,456,224,272,89.33
464,464,464,516,464,228,272,89.47
500,500,452,568,500,268,312,89.47
464,464,464,516,464,228,276,89.61
472,472,424,472,472,224,268,89.76
476,476,476,528,476,220,272,89.90
516,468,468,516,516,240,284,90.05
476,476,476,528,476,228,280,90.19
452,452,452,504,452,224,268,90.33
484,484,484,536,484,236,280,90.48
504,504,456,504,504,268,312,90.62
508,456,456,508,456,228,272,90.76
456,456,456,512,456,224,268,90.76
508,460,460,508,508,232,276,91.05
524,476,476,524,524,268,268,91.05
512,460,460,512,460,232,276,91.34
452,452,452,504,452,224,268,91.63
512,456,456,512,512,228,272,91.63
552,500,452,552,500,268,316,91.92
516,464,464,516,464,228,276,91.92
500,452,452,500,452,220,268,92.06
516,464,464,516,516,236,280,92.20
520,472,472,520,520,240,288,92.35
504,452,452,504,452,224,268,92.63
516,460,460,516,460,224,272,92.78
548,496,496,548,496,268,312,92.92
512,464,464,512,512,228,272,93.07
504,452,452,504,452,224,268,93.21
508,460,460,508,460,228,276,93.21
556,496,496,496,496,268,312,93.50
560,460,460,508,508,268,316,93.64
508,456,456,508,456,224,268,93.79
508,460,460,508,460,232,276,94.07
536,488,488,536,488,256,304,94.07
560,456,456,504,504,272,272,94.36
504,452,452,504,452,224,272,94.65
516,468,468,516,468,224,276,94.65
548,496,496,548,496,268,312,94.94
528,476,476,528,476,248,292,95.08
504,452,452,504,452,224,268,95.22
556,456,456,508,508,228,276,95.51
564,512,456,512,512,268,316,95.66
552,452,452,500,500,224,268,95.80
516,464,464,516,464,228,280,96.09
552,452,452,500,452,268,312,96.09
600,500,500,552,500,264,316,96.38
560,460,460,508,460,228,276,96.52
560,460,460,508,460,232,276,96.52
604,500,452,548,500,268,316,96.81
604,504,504,552,504,272,320,97.09
544,476,476,476,476,240,288,97.09
560,456,456,508,456,228,276,97.38
612,512,464,560,512,272,320,97.53
572,472,472,520,472,240,288,97.53
564,464,464,512,464,232,280,97.81
564,464,464,516,464,268,268,97.96
576,476,476,524,524,248,292,97.96
564,464,464,516,464,276,276,98.25
568,464,464,516,464,236,280,98.39
584,484,484,536,484,232,276,98.53
604,504,504,552,504,268,312,98.68
576,472,472,524,472,244,292,98.82
564,460,460,508,460,228,276,98.96
604,504,456,552,504,268,312,99.11
616,448,448,516,516,268,312,99.11
560,460,460,512,460,232,276,99.40
564,460,460,516,460,228,276,99.54
568,468,468,516,468,224,268,99.54
576,508,464,508,508,272,272,99.83
560,452,452,512,452,224,272,99.97
568,464,464,516,464,236,284,99.97
608,508,508,560,508,268,312,100.12
616,468,468,516,468,236,284,100.26
564,464,464,512,464,232,280,100.40
576,476,476,524,476,268,268,100.55
612,500,500,564,500,268,316,100.69
616,464,464,516,464,276,276,100.83
576,456,456,508,456,224,268,100.98
620,516,516,516,516,276,320,101.12
604,504,504,556,504,268,316,101.27
560,460,460,512,460,224,276,101.41
572,472,472,520,472,240,288,101.55
616,516,516,564,468,268,312,101.70
604,500,500,552,500,272,320,101.98
580,480,480,528,480,236,288,102.13
572,472,472,520,472,268,316,102.27
604,504,504,552,504,272,320,102.56
576,476,476,528,476,236,280,102.70
552,452,452,500,452,268,268,102.85
604,504,504,556,460,276,320,103.14
608,508,508,560,508,272,320,103.28
604,496,496,548,452,268,312,103.42
560,456,456,508,456,228,276,103.71
608,500,500,552,500,272,316,103.71
604,500,500,552,500,268,312,103.85
560,460,460,560,460,232,276,104.14
576,476,476,528,476,228,272,104.14
612,508,508,560,508,276,320,104.43
604,504,504,552,504,268,320,104.72
556,456,456,508,456,228,272,104.72
608,508,508,560,464,272,272,105.01
620,512,512,572,512,284,332,105.01
600,500,500,548,452,268,316,105.15
564,464,464,512,464,232,280,105.44
596,496,496,548,448,264,312,105.44
600,500,500,548,500,268,316,105.73
564,512,512,564,464,228,280,106.01
556,500,500,556,452,268,316,106.01
604,504,504,552,504,272,320,106.30
608,508,508,560,460,272,320,106.44
568,504,504,568,452,268,316,106.44
556,504,504,556,456,272,320,106.73
604,504,504,556,504,276,320,106.88
608,504,504,560,456,272,320,106.88
552,504,504,552,456,268,312,107.16
556,508,508,556,460,232,276,107.16
608,508,508,556,508,272,316,107.45
604,500,500,556,452,268,316,107.74
564,464,464,564,464,236,280,107.74
608,508,508,560,460,268,312,107.88
612,512,512,564,468,264,312,107.88
560,512,512,560,464,236,280,108.17
560,504,504,560,456,268,312,108.31
616,516,516,568,468,268,316,108.46
604,504,504,556,504,276,320,108.75
568,504,504,568,456,228,320,108.89
576,520,520,576,456,272,320,109.03
600,548,548,600,500,268,312,109.18
604,504,504,556,460,276,320,109.32
560,512,512,560,456,228,320,109.46
572,516,516,572,468,240,328,109.61
600,552,552,600,504,276,320,109.75
572,520,520,572,472,240,328,109.75
548,500,500,548,452,268,312,110.04
580,528,528,580,480,280,324,110.18
608,552,552,608,496,268,316,110.33
600,500,500,548,452,268,312,110.47
576,476,476,576,476,220,316,110.47
600,544,544,600,496,268,312,110.62
604,504,504,552,504,272,320,110.62
560,504,504,560,456,228,320,110.90
576,524,524,576,480,248,296,110.90
608,508,508,560,508,272,320,111.05
600,500,500,552,500,268,312,111.05
568,520,520,568,472,268,316,111.05
604,504,504,552,504,272,320,111.33
592,540,540,592,488,288,332,111.33
604,504,504,552,504,268,312,111.62
552,500,500,552,452,224,316,111.77
608,508,508,560,508,268,312,111.77
596,544,544,596,496,268,316,112.05
596,496,496,544,496,248,296,112.05
560,508,508,560,464,268,312,112.34
632,532,532,580,484,256,344,112.34
608,508,508,556,508,276,324,112.63
560,508,508,560,456,228,320,112.92
604,504,504,556,460,276,320,112.92
648,548,548,600,500,264,316,113.20
628,520,520,568,456,272,320,113.35
556,504,504,556,452,268,312,113.49
620,520,520,572,472,268,312,113.64
648,548,548,600,500,272,316,113.78
612,512,512,560,464,276,320,113.92
568,512,512,568,464,268,316,113.92
604,552,504,604,504,276,320,114.07
608,556,508,556,508,264,312,114.21
612,496,496,560,496,268,312,114.35
612,512,512,560,464,236,324,114.50
604,556,508,604,508,264,316,114.64
644,544,496,592,496,264,312,114.64
604,504,504,556,456,272,320,114.93
624,520,520,568,472,236,332,114.93
648,544,544,596,496,268,312,115.07
604,504,504,552,504,272,320,115.22
604,504,504,552,456,268,320,115.22
600,500,500,552,500,268,312,115.51
620,520,520,572,520,268,312,115.51
600,500,500,552,500,272,316,115.79
608,508,508,560,460,272,316,115.94
652,544,544,600,496,268,312,115.94
652,552,504,600,504,276,320,116.08
608,508,508,560,464,268,320,116.08
596,496,496,548,496,268,312,116.22
656,556,508,608,508,280,324,116.22
624,524,524,576,524,268,316,116.37
596,496,496,548,496,268,312,116.51
604,504,504,556,504,276,320,116.66
656,548,548,604,504,268,320,116.66
600,496,496,552,496,268,312,116.80
604,508,508,556,460,276,320,116.94
656,552,504,600,504,276,320,117.09
648,548,548,600,500,268,312,117.23
604,504,504,552,504,268,312,117.23
596,496,496,544,496,264,312,117.52
656,556,508,604,508,272,316,117.52
656,556,504,556,504,268,312,117.81
608,496,496,560,496,268,312,117.81
608,508,508,560,508,280,324,117.95
656,556,556,604,508,268,312,118.24
648,548,500,548,500,268,316,118.24
604,504,504,556,460,228,320,118.53
624,516,516,572,516,280,328,118.53
648,540,540,600,540,268,360,118.81
604,504,504,556,504,276,320,118.81
608,500,500,552,500,272,316,118.96
668,520,520,572,520,284,332,119.10
664,552,504,616,504,272,320,119.25
628,524,524,572,476,248,292,119.39
616,516,516,568,516,236,328,119.53
656,556,556,604,500,272,316,119.82
660,512,512,560,512,280,328,119.82
604,504,504,556,456,276,320,120.11
656,508,508,560,508,272,320,120.25
656,540,540,600,540,268,360,120.40
644,496,496,544,496,264,312,120.40
608,508,508,560,460,272,324,120.54
648,548,548,596,548,264,312,120.68
648,548,500,596,500,268,316,120.83
612,512,512,560,464,276,320,120.97
616,516,516,564,516,268,312,121.12
668,548,500,600,500,272,316,121.26
668,520,520,568,520,268,316,121.40
604,504,504,556,504,276,320,121.55
652,552,504,552,504,268,316,121.83
696,548,548,596,548,268,356,121.83
648,496,496,548,496,268,312,121.98
608,508,508,560,460,272,316,121.98
652,544,544,600,496,268,316,121.98
656,560,508,608,508,280,324,121.98
644,540,484,540,484,224,332,121.98
644,496,496,544,496,264,312,122.27
668,520,520,572,520,276,324,122.27
660,508,508,560,508,268,320,122.55
648,496,496,548,496,268,312,122.55
652,504,504,556,504,276,320,122.84
672,516,516,572,516,284,332,122.84
652,500,500,552,500,268,312,123.13
616,504,504,556,504,276,320,123.13
652,552,504,600,504,268,312,123.42
648,548,500,600,500,268,316,123.42
660,504,504,556,504,268,320,123.42
616,516,516,568,468,272,320,123.42
676,524,524,576,524,272,320,123.56
656,556,500,556,500,268,312,123.70
648,500,500,548,500,268,316,123.70
672,508,508,572,508,272,324,123.70
704,540,540,604,540,268,360,123.85
676,528,528,580,528,280,344,123.85
612,512,512,564,464,236,328,124.14
652,504,504,556,504,268,316,124.14
696,540,540,592,540,268,356,124.42
652,504,504,552,504,268,320,124.42
660,504,504,556,504,224,320,124.57
652,552,504,600,504,268,312,124.71
648,548,500,600,500,264,316,124.86
652,504,504,552,504,228,320,124.86
652,504,504,556,504,268,316,125.00
672,524,524,572,524,268,332,125.00
644,544,496,544,496,268,312,125.14
612,512,512,560,464,228,320,125.14
652,496,496,548,496,268,312,125.14
656,556,508,604,508,276,324,125.14
660,508,508,560,508,268,312,125.14
648,496,496,548,496,268,312,125.29
656,508,508,556,508,276,324,125.29
660,560,512,608,512,276,320,125.57
652,496,496,548,496,268,316,125.57
620,520,520,568,472,244,336,125.72
708,560,504,560,560,276,320,125.86
672,520,520,572,520,268,332,125.86
612,504,504,556,504,232,320,126.15
660,504,504,556,504,276,320,126.15
696,548,500,600,548,272,316,126.29
656,500,500,552,500,264,316,126.29
608,508,508,560,448,264,312,126.29
656,508,508,560,508,280,324,126.58
656,556,500,556,500,268,312,126.58
660,512,512,560,512,236,328,126.73
656,508,508,560,508,232,324,126.87
672,548,500,548,500,268,312,126.87
652,496,496,600,496,268,312,127.16
604,504,504,556,456,228,320,127.16
636,472,472,540,472,240,332,127.16
696,544,496,592,544,268,312,127.44
656,504,504,556,504,268,316,127.44
604,504,504,552,504,224,320,127.44
652,504,504,552,504,272,320,127.44
672,520,520,572,520,276,320,127.44
652,504,504,556,504,228,320,127.73
612,504,504,556,504,224,316,127.73
648,496,496,548,496,268,312,127.73
656,508,508,556,508,272,316,127.73
656,500,500,548,500,268,316,127.73
648,500,500,548,500,224,316,127.88
660,508,508,560,508,268,312,127.88
664,496,496,544,496,264,312,128.02
652,504,504,556,504,228,320,128.16
632,484,484,536,484,248,296,128.16
704,500,500,556,500,268,316,128.31
652,504,504,556,504,228,320,128.45
644,488,488,540,488,244,304,128.45
652,500,500,552,500,268,320,128.74
708,504,504,600,504,224,320,128.74
664,496,496,568,496,224,312,128.88
652,504,504,552,504,228,272,129.03
656,500,500,552,500,268,320,129.03
652,496,496,552,496,268,312,129.31
652,504,504,552,504,228,272,129.31
660,512,512,564,512,224,272,129.46
656,496,496,596,548,268,312,129.60
648,496,496,548,496,224,312,129.75
616,464,464,564,464,232,284,129.89
652,496,496,548,496,224,312,129.89
652,504,504,556,504,228,320,130.03
660,512,512,560,512,228,276,130.18
656,508,460,556,460,224,272,130.32
652,504,504,552,504,228,272,130.32
652,504,504,556,504,224,312,130.61
652,504,504,552,504,224,272,130.61
660,508,508,560,508,228,276,130.90
704,504,504,556,504,224,272,130.90
656,500,500,552,500,224,272,131.18
616,468,468,516,468,232,284,131.18
676,520,472,576,520,224,268,131.33
696,496,496,596,548,224,268,131.47
660,512,464,560,512,236,280,131.62
612,464,464,564,464,224,272,131.76
656,500,500,552,500,224,272,131.76
656,504,504,556,504,232,276,131.90
628,476,476,528,476,228,276,132.05
656,508,460,556,508,224,268,132.19
652,504,504,556,504,228,276,132.34
652,504,504,552,504,220,268,132.48
608,456,456,556,456,228,272,132.62
660,504,504,560,504,228,276,132.77
656,504,504,556,504,224,268,132.91
656,504,504,556,504,232,276,133.05
632,480,480,532,480,200,248,133.20
660,504,504,556,504,224,268,133.34
668,516,472,568,516,196,240,133.49
616,468,468,564,468,192,236,133.63
616,464,464,564,464,180,224,133.77
668,520,520,568,520,200,244,133.77
660,512,464,560,512,184,236,133.92
616,460,460,564,460,180,224,134.06
656,500,500,552,500,180,228,134.21
656,508,508,560,508,188,232,134.35
636,480,480,536,480,188,232,134.49
608,460,460,560,460,180,224,134.64
656,504,504,556,504,180,224,134.64
656,500,500,548,500,180,224,134.78
624,476,476,528,476,196,248,134.92
616,464,464,564,512,180,228,135.07
652,500,500,548,548,176,224,135.21
656,504,504,556,504,184,232,135.36
616,468,468,520,468,188,240,135.64
660,500,500,548,500,180,224,135.64
696,500,500,548,548,176,224,135.93
664,468,468,568,516,188,232,135.93
612,460,460,556,508,176,224,136.08
656,508,508,560,508,188,232,136.08
664,508,508,564,508,180,232,136.08
608,456,456,560,512,180,228,136.22
608,460,460,560,512,180,228,136.22
656,508,508,556,508,180,228,136.22
660,508,508,560,508,180,228,136.22
608,500,452,552,500,176,224,136.36
664,464,464,564,516,184,232,136.36
668,512,512,568,512,192,236,136.36
656,508,508,560,508,188,232,136.51
616,468,468,564,468,180,224,136.51
648,500,500,548,500,180,224,136.51
664,512,464,564,512,180,236,136.51
660,508,452,564,508,180,224,136.65
604,456,456,552,504,180,224,136.65
664,512,512,564,512,180,228,136.65
704,500,500,548,548,180,224,136.65
664,468,468,564,516,184,232,136.65
608,460,460,556,508,180,224,136.65
660,508,508,560,508,180,228,136.65
656,508,508,556,556,180,228,136.65
660,508,460,556,508,184,228,136.65
608,460,460,556,508,184,228,136.65
664,516,468,564,516,188,232,136.65
656,500,500,548,548,180,224,136.65
612,464,464,564,516,184,236,136.65
664,504,456,560,504,180,228,136.65
656,504,504,556,556,184,232,136.65
660,512,464,560,512,176,224,136.65
648,500,452,552,500,180,224,136.65
664,468,468,564,516,180,232,136.65
652,500,500,548,548,180,224,136.65
656,508,508,560,508,180,232,136.65
608,460,460,560,508,180,224,136.65
656,508,460,556,508,184,232,136.65
660,504,504,552,552,180,228,136.65
660,508,460,556,508,184,228,136.65
608,452,452,556,508,180,224,136.65
656,508,460,556,508,180,224,136.65
656,508,508,560,508,180,228,136.65
656,508,460,556,508,180,232,136.65
612,460,460,556,508,180,224,136.65
656,508,508,556,508,184,232,136.65
664,512,512,564,512,180,228,136.65
648,500,500,552,500,180,224,136.65
616,464,464,564,464,184,236,136.65
656,500,500,552,500,180,224,136.65
660,512,512,564,512,192,236,136.65
616,460,460,560,512,180,228,136.65
612,460,460,560,512,188,232,136.65
664,508,508,556,508,180,228,136.65
660,508,508,556,508,184,232,136.65
612,460,460,564,516,184,232,136.65
660,456,456,560,512,180,228,136.65
656,508,508,560,508,180,228,136.65
656,508,508,556,508,180,228,136.65
664,460,460,556,508,180,224,136.65
660,460,460,560,512,188,232,136.65
660,512,512,560,560,180,232,136.65
652,500,500,552,500,180,228,136.65
616,468,468,568,468,192,240,136.65
660,500,500,552,500,180,224,136.65
664,512,512,564,512,192,236,136.65
660,512,460,564,512,180,224,136.65
604,456,456,552,504,180,224,136.65
664,516,468,564,516,180,232,136.65
652,500,500,548,548,180,224,136.65
660,460,460,560,512,180,228,136.65
608,460,460,560,512,180,228,136.65
656,508,508,560,508,180,228,136.65
656,504,504,556,504,176,228,136.65
616,464,464,560,512,180,232,136.65
660,460,460,560,512,188,232,136.65
660,512,512,560,512,184,228,136.65
656,500,500,548,548,180,224,136.65
664,464,464,564,516,184,236,136.65
616,508,456,560,508,180,228,136.65
656,508,508,556,508,188,232,136.65
660,512,512,560,512,180,224,136.65
652,504,456,552,504,180,224,136.65
664,468,468,568,516,188,232,136.65
656,500,500,548,548,180,224,136.65
656,508,508,560,508,180,232,136.65
608,460,460,560,508,180,224,136.65
656,508,460,556,508,184,232,136.65
660,508,508,556,556,184,232,136.65
660,508,460,564,508,184,228,136.65
608,456,456,560,504,180,224,136.65
664,468,468,564,516,188,232,136.65
656,504,504,556,556,180,224,136.65
656,508,460,556,508,184,228,136.65
616,460,460,564,512,180,228,136.65
648,500,500,548,500,180,224,136.65
660,512,512,560,512,180,224,136.65
652,500,500,552,500,180,224,136.65
616,468,468,564,468,184,236,136.65
656,500,500,552,500,180,224,136.65
660,508,464,560,508,188,232,136.65
664,460,460,560,512,180,228,136.65
660,460,460,560,512,188,232,136.65
664,512,512,564,512,188,232,136.65
656,500,500,556,500,180,224,136.65
612,464,464,560,512,180,228,136.65
660,460,460,560,512,180,228,136.65
656,504,504,556,504,176,224,136.65
656,508,508,556,508,184,232,136.65
616,460,460,564,516,180,224,136.65
652,500,500,552,500,180,224,136.65
660,512,512,560,512,184,228,136.65
656,500,500,548,500,176,224,136.65
616,464,464,516,464,192,236,136.65
660,500,500,556,500,180,224,136.65
708,508,508,556,556,188,232,136.65
664,468,468,564,516,180,228,136.65
604,456,456,552,504,180,224,136.65
664,468,468,568,516,188,232,136.65
656,508,508,556,508,180,224,136.65
656,508,460,556,508,180,224,136.65
608,460,460,556,508,180,224,136.65
656,508,460,556,508,180,232,136.65
656,504,504,556,504,184,228,136.65
664,468,468,564,516,188,232,136.65
608,500,456,552,500,180,224,136.65
664,516,468,564,516,188,232,136.65
660,504,504,560,504,180,228,136.65
608,460,460,560,512,188,232,136.65
616,460,460,564,516,180,224,136.65
652,504,504,552,504,180,228,136.65
660,512,464,560,512,180,224,136.65
652,456,456,552,504,180,228,136.65
612,464,464,564,516,184,228,136.65
656,500,500,556,500,180,228,136.65
656,508,460,556,508,180,224,136.65
608,460,460,560,460,180,224,136.65
656,508,460,556,508,184,232,136.65
660,504,504,556,504,184,232,136.65
664,508,460,564,508,188,232,136.65
608,452,452,560,452,180,224,136.65
664,468,468,564,516,188,232,136.65
656,508,508,556,508,180,224,136.65
656,508,460,556,508,184,228,136.65
616,460,460,516,460,180,224,136.65
652,500,500,552,500,180,228,136.65
660,512,512,560,512,180,224,136.65
648,500,452,552,500,180,224,136.65
616,468,468,520,468,188,240,136.65
656,500,500,556,500,180,224,136.65
656,504,504,556,504,184,232,136.65
616,460,460,560,512,180,228,136.65
612,464,464,560,464,188,232,136.65
660,504,504,556,504,184,228,136.65
664,508,508,560,508,188,232,136.65
612,456,456,560,512,180,228,136.65
612,464,464,560,512,180,228,136.65
656,508,508,560,508,180,228,136.65
656,508,508,556,508,180,232,136.65
616,460,460,560,460,180,224,136.65
656,460,460,556,508,184,232,136.65
664,516,468,564,516,180,228,136.65
652,500,500,552,500,180,228,136.65
616,464,464,516,464,180,236,136.65
656,500,452,552,500,180,224,136.65
664,516,468,564,516,192,236,136.65
660,504,460,556,504,176,224,136.65
612,464,464,560,464,188,232,136.65
664,508,464,564,508,180,232,136.65
656,500,500,548,500,180,224,136.65
656,460,460,560,508,180,224,136.65
608,460,460,556,460,180,224,136.65
656,508,460,556,508,180,224,136.65
656,504,504,556,504,184,232,136.65
660,460,460,564,508,176,224,136.65
604,456,456,552,504,180,224,136.65
664,512,468,564,512,184,232,136.65
656,500,500,552,500,180,224,136.65
616,464,464,516,464,188,236,136.65
612,452,452,564,504,180,224,136.65
652,500,500,552,500,180,224,136.65
660,512,464,560,512,176,224,136.65
600,452,452,552,504,180,224,136.65
616,468,468,516,468,184,232,136.65
652,500,500,548,500,176,224,136.65
656,508,460,556,508,180,224,136.65
608,460,460,560,460,180,224,136.65
656,460,460,556,508,180,224,136.65
656,504,504,556,504,184,232,136.65
664,512,460,564,512,188,232,136.65
608,456,456,560,456,180,224,136.65
664,464,464,564,516,184,232,136.65
656,504,504,556,504,180,224,136.65
660,460,460,560,512,188,232,136.65
620,468,468,520,468,180,228,136.65
652,500,456,552,500,180,224,136.65
664,512,468,564,512,180,224,136.65
656,500,452,552,500,180,224,136.65
616,464,464,516,464,188,236,136.65
660,508,464,560,508,180,228,136.65
656,508,508,556,508,188,232,136.65
612,460,460,564,508,180,228,136.65
608,460,460,560,460,184,232,136.65
660,504,504,560,504,184,228,136.65
656,504,504,556,504,180,224,136.65
612,464,464,560,464,180,228,136.65
608,460,460,556,460,180,224,136.65
656,508,508,560,508,180,228,136.65
656,508,460,556,508,184,228,136.65
616,468,468,516,468,180,224,136.65
652,504,456,552,504,180,228,136.65
664,512,464,564,512,180,232,136.65
660,500,500,548,500,180,224,136.65
616,464,464,516,464,192,236,136.65
660,460,460,556,508,180,224,136.65
656,508,508,560,508,188,232,136.65
660,512,460,564,512,180,228,136.65
612,456,456,556,456,180,228,136.65
664,468,468,564,516,188,232,136.65
656,504,504,556,504,180,224,136.65
660,508,464,560,508,180,228,136.65
608,460,460,560,460,184,232,136.65
664,508,460,560,508,180,232,136.65
648,500,500,548,500,180,224,136.65
616,468,468,564,516,184,232,136.65
604,456,456,556,504,180,228,136.65
664,512,468,564,512,184,232,136.65
664,500,500,556,500,180,224,136.65
612,460,460,560,460,188,232,136.65
616,460,460,516,460,180,224,136.65
652,500,500,552,500,180,228,136.65
664,512,468,564,512,180,224,136.65
656,452,452,552,500,176,224,136.65
612,464,464,564,464,184,228,136.65
656,508,508,560,508,180,228,136.65
660,508,464,560,508,180,228,136.65
608,460,460,560,460,180,224,136.65
660,464,464,560,512,180,232,136.65
660,504,504,556,504,184,232,136.65
664,468,468,564,516,188,232,136.65
612,456,456,560,456,180,228,136.65
664,468,468,568,516,188,232,136.65
664,508,508,560,508,180,228,136.65
660,508,460,560,508,188,232,136.65
616,464,464,516,464,180,224,136.65
652,500,500,552,500,180,224,136.65
660,512,464,564,512,180,224,136.65
656,500,452,552,500,176,224,136.65
612,460,460,560,460,188,232,136.79
664,508,460,556,508,180,224,136.79
656,508,508,556,508,188,232,136.79
616,460,460,520,460,188,232,136.79
608,452,452,556,500,176,224,136.79
656,508,456,560,508,180,224,136.79
656,508,508,556,508,180,228,136.79
608,460,460,560,460,180,224,136.79
656,460,460,560,508,184,232,136.79
660,504,504,560,504,180,224,136.79
648,500,500,552,500,180,224,136.79
616,464,464,516,464,180,232,136.79
652,500,456,552,500,180,224,136.79
664,512,468,564,512,192,236,136.79
660,500,500,556,500,180,224,136.79
612,460,460,560,460,188,232,136.79
664,508,460,564,508,180,224,136.79
648,500,500,548,500,180,224,136.79
664,468,468,564,516,188,232,136.79
612,456,456,560,456,180,228,136.79
656,508,460,556,508,180,224,136.79
656,508,508,556,508,180,228,136.79
660,460,460,560,512,180,228,136.79
608,460,460,560,460,184,232,136.79
660,508,460,560,508,184,228,136.79
656,500,500,552,500,180,228,136.79
664,468,468,564,468,184,232,136.79
608,456,456,560,504,180,224,136.79
664,512,464,564,512,192,236,136.79
660,512,512,564,512,180,224,136.79
652,452,452,552,504,180,224,136.79
616,464,464,516,464,180,224,136.79
652,500,500,552,500,180,224,136.79
660,512,464,564,512,184,228,136.79
608,452,452,556,452,180,224,136.79
660,460,460,560,512,180,224,136.79
656,504,504,556,504,180,224,136.79
656,508,460,560,508,184,232,136.79
616,460,460,508,460,184,228,136.79
664,460,460,564,516,188,232,136.79
656,500,500,560,500,180,228,136.79
660,508,460,560,508,180,228,136.79
608,460,460,560,460,180,224,136.79
660,508,460,560,508,188,232,136.79
660,512,464,564,512,180,224,136.79
648,500,452,552,500,176,224,136.79
616,464,464,516,464,180,224,136.79
648,500,500,552,500,180,224,136.79
660,512,464,564,512,192,236,136.79
664,460,460,556,508,180,224,136.79
612,460,460,560,460,188,232,136.79
660,504,504,556,504,180,224,136.79
656,504,504,556,504,180,224,136.94
612,460,460,560,460,180,224,136.94
608,460,460,560,460,180,224,136.94
656,508,460,556,508,180,224,136.94
656,508,460,560,508,188,232,136.94
616,460,460,564,460,180,232,136.94
652,456,456,552,504,180,224,136.94
660,512,464,564,512,184,232,136.94
656,500,500,548,500,180,224,136.94
616,464,464,516,464,192,236,136.94
664,500,500,552,500,180,228,136.94
656,504,504,556,504,184,232,136.94
664,516,460,564,516,180,228,136.94
600,452,452,552,452,176,224,136.94
664,464,464,564,516,184,232,136.94
656,500,500,552,500,180,228,136.94
660,508,464,560,508,180,228,136.94
608,460,460,560,460,180,224,136.94
656,508,460,556,508,180,224,136.94
656,504,504,556,504,184,228,136.94
664,460,460,564,508,184,232,136.94
604,456,456,556,456,180,228,136.94
664,464,464,564,516,184,232,136.94
656,500,500,556,500,180,224,136.94
608,460,460,512,460,184,184,136.94
612,452,452,560,508,180,224,136.94
656,504,460,556,504,184,228,136.94
664,516,468,564,516,180,224,136.94
652,456,456,552,504,180,228,136.94
616,468,468,520,468,180,232,136.94
656,500,500,552,500,180,224,136.94
660,512,464,564,512,184,232,136.94
608,460,460,512,460,180,224,136.94
656,460,460,560,508,180,224,136.94
656,504,504,556,504,180,224,136.94
664,508,460,560,508,184,232,136.94
616,460,460,508,460,184,228,136.94
664,468,468,568,516,188,232,136.94
656,500,500,556,500,180,224,136.94
660,460,460,560,512,180,232,136.94
616,460,460,512,460,180,228,136.94
660,460,460,560,512,188,232,136.94
664,516,468,564,516,180,228,136.94
652,504,456,552,504,180,224,136.94
620,468,468,520,468,180,232,136.94
656,500,452,552,500,180,224,136.94
664,516,468,564,516,188,240,136.94
660,460,460,560,512,180,228,136.94
612,460,460,512,460,188,232,136.94
664,508,460,560,508,180,228,136.94
660,504,504,556,504,184,232,136.94
616,460,460,508,508,188,232,136.94
608,452,452,508,452,180,224,136.94
656,500,500,556,500,180,228,136.94