204,104,104,104,104,56,56,0.00
200,92,92,92,92,48,48,0.00
148,48,48,48,100,48,48,0.00
160,60,60,60,60,4,4,0.00
156,48,48,48,108,48,48,0.00
196,96,96,96,96,48,48,0.00
200,96,96,96,96,48,48,0.00
156,56,56,56,108,56,56,0.00
152,48,48,48,100,48,48,0.00
152,48,48,48,100,48,48,0.00
196,96,96,96,96,48,48,0.00
200,48,48,48,104,48,48,0.00
200,92,92,92,92,48,48,0.00
148,48,48,48,100,48,48,0.00
148,48,48,48,100,48,48,0.00
160,56,56,56,56,56,4,0.00
204,96,96,96,96,48,48,0.00
196,96,96,96,96,48,48,0.00
196,96,96,96,96,48,48,0.00
148,48,48,48,100,48,48,0.00
160,48,48,48,48,48,48,0.00
148,48,48,48,100,48,48,0.00
204,104,104,104,104,48,48,0.00
200,92,92,92,92,48,48,0.00
148,48,48,48,100,48,48,0.00
156,48,48,48,100,48,48,0.00
156,52,52,52,52,4,4,0.00
196,96,96,96,96,48,48,0.00
196,92,92,92,92,48,48,0.00
204,96,96,96,96,48,48,0.00
152,48,48,48,100,48,48,0.00
152,48,48,48,100,48,48,0.00
152,48,48,48,100,48,48,0.00
164,56,56,112,112,56,56,0.00
196,96,96,96,96,48,48,0.00
196,96,96,96,96,48,48,0.00
152,48,48,48,100,48,48,0.00
156,48,48,48,48,48,48,0.00
152,48,48,48,100,48,48,0.00
196,96,96,96,96,48,48,0.00
200,96,96,96,96,48,48,0.00
152,48,48,48,100,48,48,0.00
148,48,48,48,100,48,48,0.00
148,48,48,48,100,48,48,0.00
156,56,56,56,108,56,56,0.00
196,92,92,92,92,44,44,0.00
204,104,104,104,104,48,48,0.00
152,48,48,48,100,48,48,0.00
152,48,48,48,104,48,48,0.00
152,48,48,48,100,48,48,0.00
196,96,96,96,96,48,48,0.00
204,100,100,100,100,48,48,0.00
204,48,48,100,100,48,48,0.00
156,48,48,48,108,48,48,0.00
152,48,48,48,100,48,48,0.00
196,96,96,96,96,48,48,0.00
204,100,100,100,100,52,52,0.00
164,56,56,112,112,56,56,0.00
148,48,48,48,100,48,48,0.00
148,44,44,44,100,44,44,0.00
152,48,48,48,100,48,48,0.00
200,100,100,100,100,48,48,0.00
204,100,100,100,100,48,48,0.00
156,48,48,100,100,48,48,0.00
152,48,48,48,100,48,48,0.00
152,48,48,48,100,48,48,0.00
204,96,96,96,96,48,48,0.00
204,100,100,100,100,52,52,0.00
204,96,96,96,96,48,48,0.00
152,48,48,48,100,48,48,0.00
160,48,48,48,48,48,48,0.00
148,48,48,48,100,48,48,0.00
204,100,100,100,100,48,48,0.00
204,96,96,96,96,48,48,0.00
156,52,52,52,104,52,52,0.00
148,48,48,48,100,48,48,0.00
152,48,48,48,100,48,48,0.00
152,100,100,100,100,48,48,0.00
204,100,100,100,100,52,52,0.00
204,96,96,96,96,48,48,0.00
152,48,48,48,100,48,48,0.00
148,48,48,48,100,48,48,0.00
148,48,48,48,100,48,48,0.00
196,92,92,92,92,48,48,0.00
196,92,92,92,92,48,48,0.00
196,96,96,96,96,48,48,0.00
160,48,48,48,48,48,48,0.00
152,48,48,48,100,48,48,0.00
152,48,48,48,100,48,48,0.00
196,96,96,96,96,48,48,0.00
200,92,92,92,92,44,44,0.00
156,48,48,104,104,48,48,0.00
152,48,48,48,100,48,48,0.00
152,48,48,48,100,48,48,0.00
200,96,96,96,96,48,48,0.00
200,96,96,96,96,48,48,0.00
196,96,96,96,96,48,48,0.00
156,48,48,48,104,48,48,0.00
152,48,48,48,104,48,48,0.00
152,48,48,48,100,48,48,0.00
200,96,96,96,96,48,48,0.00
204,96,96,96,96,48,48,0.00
200,96,96,96,96,48,48,0.00
152,48,48,48,100,48,48,0.00
156,48,48,48,48,48,48,0.00
148,48,48,48,100,48,48,0.00
196,92,92,92,92,48,48,0.00
196,96,96,96,96,48,48,0.00
160,52,52,52,112,52,52,0.00
148,48,48,48,100,48,48,0.00
148,48,48,48,100,48,48,0.00
200,96,96,96,96,48,48,0.00
204,96,96,96,96,48,48,0.00
200,92,92,92,92,48,48,0.00
148,48,48,48,100,48,48,0.00
160,56,56,56,56,4,4,0.00
152,48,48,48,100,48,4,0.00
196,96,96,96,96,48,48,0.00
196,96,96,96,96,48,48,0.00
196,96,96,96,96,48,48,0.00
148,48,48,48,100,48,48,0.00
152,48,48,48,100,48,48,0.00
156,48,48,48,104,48,48,0.00
200,96,96,96,96,48,48,0.00
200,96,96,96,96,48,48,0.00
156,48,48,48,100,48,48,0.00
152,48,48,48,100,48,48,0.00
152,48,48,48,100,48,48,0.00
196,96,96,96,96,48,48,0.00
204,52,52,104,104,52,52,0.00
208,96,96,96,96,48,48,0.00
148,48,48,48,100,48,48,0.00
148,48,48,48,100,48,48,0.00
152,52,52,52,104,52,4,0.00
204,96,96,96,96,48,48,0.00
196,96,96,96,96,48,48,0.00
200,96,96,96,96,48,48,0.00
156,48,48,48,100,48,48,0.00
156,48,48,48,48,48,48,0.00
196,48,48,96,96,48,48,0.00
196,96,96,96,96,48,48,0.00
196,96,96,96,96,48,48,0.00
152,52,52,52,104,52,52,0.00
148,48,48,48,100,48,48,0.00
156,48,48,48,48,48,48,0.00
200,96,96,96,96,48,48,0.00
204,100,100,100,100,52,52,0.00
204,100,100,100,100,48,48,0.00
156,48,48,48,100,48,48,0.00
152,48,48,48,100,48,48,0.00
152,48,48,48,100,48,48,0.00
196,96,96,96,96,48,48,0.00
200,100,100,100,100,48,48,0.00
156,48,48,48,108,48,48,0.00
148,48,48,48,100,48,48,0.00
152,48,48,48,100,48,48,0.00
196,96,96,96,96,48,48,0.00
208,100,100,100,100,48,48,0.00
204,96,96,96,96,48,48,0.00
152,48,48,48,100,48,48,0.00
148,48,48,48,100,48,48,0.00
156,48,48,48,100,48,48,0.00
204,96,96,96,96,48,48,0.00
196,96,96,96,96,48,48,0.00
196,96,96,96,96,48,48,0.00
148,48,48,48,100,48,48,0.00
160,56,56,56,56,4,4,0.00
200,48,48,100,100,48,48,0.00
200,100,100,100,100,48,48,0.00
200,96,96,96,96,48,48,0.00
152,48,48,48,100,48,48,0.00
156,48,48,48,48,48,48,0.00
156,48,48,48,104,48,48,0.00
200,96,96,96,96,48,48,0.00
196,96,96,96,96,48,48,0.00
204,52,52,52,104,52,52,0.00
156,44,44,44,100,44,44,0.00
152,48,48,48,100,48,48,0.00
152,48,48,48,100,48,48,0.00
196,96,96,96,96,48,48,0.00
200,96,96,96,96,48,48,0.00
196,48,48,96,96,48,48,0.00
152,48,48,48,100,48,48,0.00
160,60,60,60,60,4,4,0.00
204,96,96,96,96,48,48,0.00
196,96,96,96,96,48,48,0.00
196,96,96,96,96,48,48,0.00
152,48,48,48,100,48,48,0.00
156,48,48,48,104,48,48,0.00
152,48,48,48,100,48,48,0.00
204,52,52,104,104,52,52,0.00
196,96,96,96,96,48,48,0.00
196,96,96,96,96,48,48,0.00
148,48,48,48,100,48,48,0.00
156,52,52,52,52,52,52,0.00
148,48,48,48,100,48,48,0.00
196,96,96,96,96,48,48,0.00
200,96,96,96,96,48,48,0.00
152,48,48,100,100,48,48,0.00
152,48,48,48,100,48,48,0.00
152,48,48,48,100,48,48,0.00
156,56,56,56,108,56,56,0.00
196,96,96,96,96,48,48,0.00
196,96,96,96,96,48,48,0.00
148,48,48,48,100,48,48,0.00
156,48,48,48,48,48,48,0.00
152,48,48,48,100,48,48,0.00
196,96,96,96,96,48,48,0.00
196,96,96,96,96,48,48,0.00
204,96,96,96,96,48,48,0.00
156,48,48,48,100,48,48,0.00
148,44,44,44,100,44,44,0.00
156,52,52,52,104,52,52,0.00
196,92,92,92,92,48,48,0.00
204,100,100,100,100,48,48,0.00
152,48,48,48,100,48,48,0.00
148,48,48,48,100,48,48,0.00
152,48,48,48,100,48,48,0.00
196,96,96,96,96,48,48,0.00
204,104,104,104,104,48,48,0.00
204,96,96,96,96,48,48,0.00
148,48,48,48,100,48,48,0.00
152,48,48,48,100,48,48,0.00
152,48,48,48,100,48,48,0.00
204,96,96,96,96,48,48,0.00
196,96,96,96,96,48,48,0.00
196,96,96,96,96,48,48,0.00
148,48,48,48,100,48,48,0.00
164,56,56,56,56,4,4,0.00
196,92,92,92,92,48,48,0.00
196,92,92,92,92,48,48,0.00
204,100,100,100,100,56,56,0.00
156,48,48,48,100,48,48,0.00
156,48,48,48,100,48,48,0.00
152,48,48,48,100,48,48,0.00
196,96,96,96,96,48,48,0.00
196,96,96,96,96,48,48,0.00
156,48,48,48,104,48,48,0.00
148,44,44,44,100,44,44,0.00
156,52,52,52,52,52,52,0.00
152,48,48,48,100,48,48,0.00
200,100,100,100,100,52,52,0.00
200,92,92,92,92,48,48,0.00
156,56,56,56,108,56,56,0.00
152,48,48,48,100,48,48,0.00
148,48,48,48,100,48,48,0.00
156,52,52,52,108,52,52,0.00
200,92,92,92,92,44,44,0.00
200,96,96,96,96,48,48,0.00
152,48,48,48,104,48,48,0.00
152,48,48,48,100,48,48,0.00
152,48,48,48,100,48,48,0.00
196,96,96,96,96,48,48,0.00
196,96,96,96,96,48,48,0.00
156,56,56,56,108,56,56,0.00
156,48,48,48,100,48,48,0.00
148,44,44,44,100,44,44,0.00
200,48,48,100,100,48,48,0.00
204,100,100,100,100,48,48,0.00
200,96,96,96,96,48,48,0.00
156,48,48,48,108,48,48,0.00
152,48,48,48,100,48,48,0.00
160,56,56,56,56,56,4,0.00
196,92,92,92,92,44,44,0.00
204,100,100,100,100,48,48,0.00
204,96,96,96,96,48,48,0.00
160,60,60,60,60,4,4,0.00
152,48,48,48,100,48,48,0.00
152,48,48,48,100,48,48,0.00
204,96,96,96,96,48,48,0.00
196,96,96,96,96,48,48,0.00
196,96,96,96,96,48,48,0.00
148,48,48,48,100,48,48,0.00
164,56,56,56,56,56,4,0.00
196,96,96,96,96,48,48,0.00
196,96,96,96,96,48,48,0.00
196,96,96,96,96,48,48,0.00
156,48,48,48,104,48,48,0.00
148,48,48,48,100,48,48,0.00
152,48,48,48,100,48,48,0.00
204,52,52,52,104,52,52,0.00
196,96,96,96,96,48,48,0.00
200,96,96,96,96,48,48,0.00
152,48,48,48,100,48,48,0.00
156,48,48,48,48,48,48,0.00
152,48,48,48,100,48,48,0.00
204,96,96,96,96,48,48,0.00
196,96,96,96,96,48,48,0.00
196,96,96,96,96,48,48,0.00
148,48,48,48,100,48,48,0.00
156,48,48,48,100,48,48,0.00
156,56,56,56,108,56,56,0.00
196,96,96,96,96,48,48,0.00
196,96,96,96,96,48,48,0.00
156,56,56,56,104,56,4,0.00
152,48,48,48,100,48,48,0.00
148,48,48,48,100,48,48,0.00
196,96,96,96,96,48,48,0.14
200,96,96,96,96,48,48,0.14
152,48,48,48,100,48,48,0.14
156,48,48,48,100,48,48,0.14
148,48,48,48,100,48,48,0.14
196,96,96,96,96,48,48,0.14
196,96,96,96,96,48,48,0.14
204,100,100,100,100,52,52,0.14
156,48,48,48,108,48,48,0.14
148,48,48,48,100,48,48,0.29
156,52,52,52,104,52,52,0.29
204,96,96,96,96,48,48,0.29
196,96,96,96,96,48,48,0.29
156,56,56,56,108,56,56,0.29
148,44,44,44,100,44,44,0.29
148,48,48,48,100,48,48,0.29
204,52,52,52,104,52,52,0.29
204,100,100,100,100,48,48,0.29
200,100,100,100,100,48,48,0.29
156,48,48,48,108,48,48,0.29
160,48,48,48,48,48,48,0.29
196,96,96,96,96,48,48,0.29
196,96,96,96,96,48,48,0.29
196,92,92,92,92,48,48,0.29
148,48,48,48,100,48,48,0.29
156,48,48,48,100,48,48,0.29
148,48,48,48,100,48,48,0.29
196,96,96,96,96,48,48,0.43
196,96,96,96,96,48,48,0.43
148,48,48,48,100,48,48,0.43
160,60,60,60,60,4,4,0.43
156,48,48,48,48,48,48,0.43
196,96,96,96,96,48,48,0.43
196,96,96,96,96,48,48,0.43
200,48,48,100,100,48,48,0.43
160,48,48,48,108,48,48,0.43
152,48,48,48,104,48,48,0.43
148,48,48,48,100,48,48,0.43
204,96,96,96,96,48,48,0.43
196,96,96,96,96,48,48,0.43
156,48,48,48,100,48,48,0.43
152,48,48,48,100,48,48,0.43
152,48,48,48,100,48,48,0.58
196,96,96,96,96,48,48,0.58
196,96,96,96,96,48,48,0.58
164,56,56,56,108,56,56,0.58
148,48,48,48,100,48,48,0.58
152,48,48,48,100,48,48,0.58
200,48,48,100,100,48,48,0.58
196,96,96,96,96,48,48,0.72
196,96,96,96,96,48,48,0.72
156,48,48,48,108,48,48,0.72
156,48,48,48,104,48,48,0.72
152,48,48,48,100,48,48,0.72
196,92,92,92,92,48,48,0.72
196,96,96,96,96,48,48,0.86
148,48,48,48,100,48,48,0.86
152,48,48,48,100,48,48,0.86
152,48,48,48,100,48,48,0.86
204,96,96,96,96,48,48,0.86
196,92,92,92,92,48,48,0.86
208,56,56,56,108,56,56,0.86
152,48,48,48,100,48,48,0.86
152,48,48,48,100,48,48,0.86
148,44,44,44,100,44,44,0.86
196,96,96,96,96,48,48,1.01
200,92,92,92,92,48,48,1.01
156,48,48,48,100,48,48,1.01
148,48,48,48,100,48,48,1.01
152,48,48,48,100,48,48,1.01
196,96,96,96,96,48,48,1.29
196,96,96,96,96,48,48,1.29
200,48,48,100,100,48,48,1.29
160,48,48,48,48,48,48,1.29
152,48,48,48,100,48,48,1.29
196,92,92,92,92,44,44,1.29
196,96,96,96,96,48,48,1.44
200,96,96,96,96,48,48,1.44
152,48,48,48,48,4,48,1.44
152,48,48,48,100,48,48,1.44
156,48,48,48,104,48,48,1.44
212,96,96,96,96,48,48,1.44
204,96,96,96,96,48,48,1.73
148,48,48,48,100,48,48,1.73
160,48,48,48,48,48,48,1.73
152,48,48,48,100,48,48,1.73
196,96,96,96,96,48,48,1.73
196,96,96,96,96,48,48,1.73
168,96,96,96,96,48,48,1.73
160,56,56,56,56,4,4,1.87
148,48,48,48,100,48,48,2.01
196,48,48,96,96,48,48,2.01
196,96,96,96,96,48,48,2.01
196,96,96,96,96,48,48,2.01
148,48,48,48,100,48,48,2.16
164,56,56,56,56,4,4,2.16
148,48,48,48,100,48,48,2.30
196,96,96,96,96,48,48,2.30
196,96,96,96,96,48,48,2.30
152,48,48,48,100,48,48,2.30
156,48,48,48,48,48,48,2.30
148,44,44,44,100,44,44,2.30
200,96,96,96,96,48,48,2.30
212,108,108,108,108,48,48,2.30
200,48,96,96,96,48,48,2.45
148,48,48,48,100,48,48,2.45
160,60,60,60,60,4,4,2.45
196,48,48,96,96,48,48,2.59
196,96,96,96,96,48,48,2.73
196,96,96,96,96,48,48,2.73
148,48,48,48,100,48,48,2.73
156,48,48,48,48,48,48,2.73
156,48,48,48,100,48,48,2.73
204,96,96,96,96,48,48,2.88
168,68,68,68,120,68,4,2.88
152,48,48,48,100,48,48,3.02
148,48,48,48,48,48,48,3.16
148,48,48,48,100,48,48,3.16
204,52,52,52,104,52,52,3.16
204,104,104,104,104,48,48,3.16
156,48,48,48,100,48,48,3.31
152,48,48,48,48,48,48,3.45
148,48,48,48,100,48,48,3.45
196,92,92,92,92,48,48,3.45
196,96,96,96,96,48,48,3.45
204,100,100,100,100,48,48,3.45
148,48,48,48,100,48,48,3.60
152,48,48,48,48,48,48,3.60
148,48,48,48,100,48,48,3.60
204,100,100,100,100,52,52,3.60
204,52,52,104,104,52,52,3.60
156,48,48,48,108,48,48,3.60
156,56,56,56,56,8,8,3.88
156,56,56,56,56,56,4,3.88
196,96,96,96,96,48,48,3.88
196,96,96,96,96,48,48,3.88
152,48,48,48,100,48,48,3.88
152,48,48,48,48,48,48,3.88
152,48,48,48,104,48,48,4.03
208,96,96,96,96,48,48,4.03
196,96,96,96,96,48,48,4.03
196,96,96,96,96,48,48,4.03
152,48,48,48,100,48,48,4.32
152,48,48,48,48,48,48,4.32
156,52,52,52,104,52,52,4.32
196,96,96,96,96,48,48,4.32
204,104,104,104,104,48,48,4.32
148,48,48,48,100,48,48,4.46
156,48,48,48,48,48,48,4.46
152,48,48,48,100,48,48,4.46
196,44,44,96,96,44,44,4.46
204,56,104,104,104,56,56,4.60
156,48,48,48,100,48,48,4.60
152,48,48,48,48,48,48,4.75
152,48,48,48,104,48,48,4.89
196,96,96,96,96,48,48,4.89
196,96,96,96,96,48,48,4.89
156,48,48,48,100,48,48,4.89
152,48,48,48,48,48,48,4.89
168,48,48,48,48,48,48,5.03
196,48,48,96,96,48,48,5.18
196,92,92,92,92,48,48,5.18
196,96,96,96,96,48,48,5.18
152,48,48,48,100,48,48,5.32
152,48,48,48,48,48,48,5.47
156,56,56,56,108,56,56,5.47
196,92,92,92,92,48,48,5.47
196,96,96,96,96,48,48,5.47
148,48,48,48,100,48,48,5.47
148,48,48,48,48,48,48,5.75
160,48,48,48,48,48,48,5.75
196,96,96,96,96,48,48,5.75
172,64,64,64,120,64,64,5.75
156,48,48,48,104,48,48,5.90
152,48,48,48,48,48,48,5.90
152,48,48,48,48,48,48,6.04
152,48,48,100,100,48,48,6.04
196,96,96,96,96,48,48,6.04
196,48,96,96,96,48,48,6.04
152,48,48,48,100,48,48,6.04
152,48,48,48,48,48,48,6.04
148,48,48,48,100,48,48,6.04
200,96,96,96,96,48,48,6.19
196,96,96,96,96,48,48,6.33
152,48,48,48,100,48,48,6.33
152,48,48,48,48,48,48,6.33
160,48,48,48,48,48,48,6.33
176,48,48,48,48,48,48,6.47
204,96,96,96,96,48,48,6.62
152,48,48,48,100,48,48,6.62
152,48,48,48,48,48,48,6.62
152,48,48,48,48,48,48,6.76
156,48,48,48,108,48,48,6.76
200,92,92,92,92,48,48,6.90
196,48,96,96,96,48,48,6.90
156,48,48,48,48,48,48,6.90
156,48,48,48,48,48,48,7.05
148,48,48,48,100,48,48,7.05
196,96,96,96,96,48,48,7.19
204,96,96,96,96,48,48,7.19
152,48,48,48,100,48,48,7.34
152,48,48,48,48,48,48,7.34
148,48,48,48,100,48,48,7.34
156,48,48,48,108,48,48,7.34
200,100,100,100,100,44,44,7.48
148,48,48,48,100,48,48,7.62
160,48,48,48,48,48,48,7.62
152,48,48,48,48,48,48,7.62
196,48,96,96,96,48,48,7.77
196,92,92,92,92,48,48,7.77
148,48,48,100,100,48,48,7.77
148,48,48,48,48,48,48,7.77
152,48,48,48,48,48,48,7.77
148,48,48,48,100,48,48,7.77
204,96,96,96,96,48,48,8.06
196,92,92,92,92,48,48,8.06
148,48,48,48,100,48,48,8.06
160,52,52,52,52,52,4,8.06
152,48,48,48,100,48,48,8.20
200,48,96,96,96,48,48,8.20
204,48,48,104,104,48,48,8.20
148,48,48,48,100,48,48,8.34
148,48,48,48,48,48,48,8.34
148,48,48,48,48,48,48,8.49
152,48,48,100,100,48,48,8.49
148,96,96,96,96,48,48,8.49
152,48,48,48,104,48,48,8.78
152,48,48,48,48,48,48,8.78
152,48,48,48,48,48,48,8.78
184,56,56,56,56,56,56,8.78
160,60,60,60,112,60,60,9.06
200,44,96,96,96,44,44,9.06
152,48,48,48,100,48,48,9.06
152,48,48,48,48,48,4,9.06
152,48,48,48,100,48,48,9.35
200,96,96,96,96,48,48,9.35
204,100,100,100,100,48,48,9.35
156,48,48,48,100,48,48,9.35
152,52,52,52,52,52,4,9.49
168,52,52,52,52,52,4,9.49
148,48,96,96,96,48,48,9.64
196,96,96,96,96,48,48,9.64
156,48,48,48,108,48,48,9.64
152,48,48,48,48,48,48,9.64
152,48,48,48,48,48,48,9.93
148,48,48,48,100,48,48,9.93
196,96,96,96,96,48,48,9.93
152,48,96,96,96,48,48,9.93
156,48,48,48,100,48,48,9.93
152,48,48,48,48,48,4,9.93
152,48,48,48,100,48,48,10.07
200,48,96,96,96,48,48,10.07
196,96,96,96,96,48,48,10.07
148,48,48,48,100,48,48,10.07
160,48,48,48,48,48,48,10.07
156,48,48,48,48,48,48,10.21
152,48,96,96,96,48,48,10.36
196,96,96,96,96,48,48,10.36
152,48,48,48,100,48,48,10.36
152,48,48,48,48,48,48,10.36
160,48,48,48,48,48,48,10.36
156,48,48,48,104,48,48,10.50
196,96,96,96,96,48,48,10.50
152,48,48,48,100,48,48,10.50
156,48,48,48,48,48,48,10.50
152,48,48,48,48,48,48,10.50
152,48,48,48,100,48,48,10.65
196,96,96,96,96,48,48,10.79
156,52,52,52,104,52,52,10.79
152,48,48,48,100,48,48,10.79
152,48,48,48,48,48,4,10.79
152,48,48,48,100,48,48,10.79
196,48,96,96,96,48,48,10.93
200,48,96,96,96,48,48,10.93
148,44,44,44,100,44,44,11.08
156,56,56,56,56,8,8,11.08
152,48,48,48,48,48,48,11.08
148,48,48,48,100,48,48,11.08
200,96,96,96,96,48,48,11.22
152,48,48,48,100,48,48,11.36
148,48,48,48,48,48,48,11.36
152,48,48,48,48,48,48,11.36
156,48,48,48,100,48,48,11.36
200,96,96,96,96,48,48,11.36
148,48,48,48,100,48,48,11.51
160,56,56,56,56,4,4,11.51
148,48,48,48,48,48,48,11.51
148,48,48,48,100,48,48,11.51
160,56,56,56,108,56,56,11.51
204,48,100,100,100,48,48,11.51
148,48,48,48,100,48,48,11.51
152,52,52,52,52,52,4,11.51
168,48,48,48,48,48,48,11.65
200,48,96,96,96,48,48,11.80
200,48,100,100,100,48,48,11.80
148,48,48,48,100,48,48,11.80
152,48,48,48,48,48,4,11.80
148,48,48,48,48,48,48,11.80
148,48,48,48,100,48,48,11.80
196,96,96,96,96,48,48,11.94
152,48,48,48,100,48,48,11.94
152,48,48,48,48,48,48,11.94
148,48,48,48,48,48,48,11.94
156,48,48,48,100,48,48,11.94
152,48,48,48,100,48,48,11.94
156,48,48,48,100,48,48,11.94
152,48,48,48,48,48,48,11.94
152,48,48,48,48,48,48,12.23
152,48,48,48,100,48,48,12.23
200,48,48,48,100,48,48,12.23
156,48,100,100,100,48,48,12.23
152,48,48,48,48,48,48,12.23
152,48,48,48,48,48,4,12.37
152,48,48,48,48,48,48,12.37
148,48,96,96,96,48,48,12.37
152,48,100,100,100,48,48,12.37
156,48,48,48,48,48,48,12.37
152,48,48,48,48,48,48,12.37
152,48,48,48,48,48,48,12.37
148,48,48,48,100,48,48,12.52
200,48,100,100,100,48,48,12.66
152,48,48,48,100,48,48,12.66
148,48,48,48,48,48,48,12.66
152,48,48,48,48,48,48,12.66
156,52,52,52,104,52,52,12.80
204,48,96,96,96,48,48,12.80
148,48,48,48,100,48,48,12.95
156,48,48,48,48,48,48,12.95
148,48,48,48,48,48,48,12.95
152,48,48,48,100,48,48,12.95
152,48,48,48,100,48,48,12.95
148,44,96,96,96,44,44,12.95
152,48,48,48,48,48,48,13.09
152,52,52,52,52,52,4,13.09
160,48,48,48,48,48,48,13.09
156,48,48,104,104,48,48,13.23
204,48,96,96,96,48,48,13.23
156,48,48,48,48,48,48,13.23
152,48,48,48,48,48,48,13.23
152,48,48,48,48,48,48,13.23
148,44,44,44,100,44,44,13.23
200,48,100,100,100,48,48,13.38
152,48,48,48,104,48,48,13.38
152,48,48,48,48,48,48,13.38
160,48,48,48,48,48,48,13.38
148,48,48,48,100,48,48,13.38
200,48,100,100,100,48,48,13.52
148,48,48,48,100,48,48,13.52
152,48,48,48,48,48,48,13.52
148,44,44,44,44,44,44,13.52
152,48,48,48,48,48,48,13.52
148,48,100,100,100,48,48,13.52
148,48,96,96,96,48,48,13.52
152,48,48,48,48,48,48,13.67
152,48,48,48,48,48,4,13.81
156,48,48,48,48,48,48,13.81
148,48,48,48,100,48,48,13.81
156,52,52,52,108,52,52,13.81
152,48,48,48,100,48,48,13.81
152,48,48,48,48,48,48,13.81
148,48,48,48,48,48,48,13.95
152,48,48,48,100,48,48,13.95
200,48,100,100,100,48,48,13.95
152,48,48,48,100,48,48,13.95
164,64,64,64,64,4,4,13.95
152,48,48,48,48,48,48,13.95
152,48,48,48,100,48,48,14.10
196,48,96,96,96,48,48,14.10
152,48,48,48,100,48,48,14.10
152,48,48,48,48,48,48,14.10
160,52,52,52,52,52,4,14.10
156,56,56,56,56,56,4,14.10
148,48,48,48,100,48,48,14.10
156,48,96,96,96,48,48,14.39
148,48,48,48,100,48,48,14.39
148,48,48,48,48,48,48,14.39
156,48,48,48,48,48,48,14.39
148,48,48,48,100,48,48,14.39
200,48,96,96,96,48,48,14.53
152,48,48,48,100,48,48,14.53
152,48,48,48,48,48,48,14.53
156,48,48,48,48,48,48,14.53
160,56,56,56,56,56,56,14.53
148,44,96,96,96,44,44,14.53
152,48,48,48,100,48,48,14.53
152,48,48,48,48,48,48,14.67
152,52,52,52,52,52,4,14.67
152,48,48,48,48,48,48,14.67
156,48,48,48,100,48,48,14.67
148,48,100,100,100,48,48,14.67
164,64,64,64,64,4,4,14.67
152,48,48,48,48,48,48,14.82
152,48,48,48,48,48,48,14.82
160,56,56,56,56,56,56,14.82
204,48,96,96,96,48,48,14.82
148,48,48,48,100,48,48,14.96
160,60,60,60,60,4,4,14.96
152,48,48,48,48,48,48,14.96
152,48,48,48,48,48,48,14.96
156,48,100,100,100,48,48,14.96
156,48,48,48,104,48,48,15.10
152,48,48,48,48,48,48,15.10
152,48,48,48,48,48,4,15.10
156,56,56,56,56,4,4,15.10
152,48,48,48,100,48,48,15.10
156,48,48,100,100,48,48,15.39
156,52,52,52,52,52,52,15.39
152,48,48,48,48,48,48,15.39
152,48,48,48,48,48,48,15.39
152,48,48,48,100,48,48,15.39
148,48,96,96,96,48,48,15.39
152,48,48,48,100,48,48,15.54
152,48,48,48,48,48,48,15.54
156,48,48,48,48,48,48,15.54
148,48,48,48,100,48,48,15.54
148,48,96,96,96,48,48,15.54
148,48,48,48,100,48,48,15.54
160,56,56,56,56,4,4,15.54
156,48,48,48,48,48,48,15.68
152,48,48,48,48,48,48,15.82
148,48,48,48,100,48,48,15.82
156,48,48,100,100,48,48,15.82
152,48,48,48,48,48,48,15.82
148,44,44,44,44,44,44,15.82
152,48,48,48,48,48,48,15.82
148,48,48,48,100,48,48,15.82
148,44,96,96,96,44,44,15.82
156,56,56,56,56,56,56,15.82
152,48,48,48,48,4,4,15.82
156,48,48,48,48,48,48,15.97
152,48,48,48,48,48,48,15.97
148,48,48,100,100,48,48,15.97
152,48,48,48,100,48,48,15.97
152,48,48,48,48,48,48,15.97
116,64,64,64,64,4,4,15.97
156,48,48,48,48,48,48,16.11
152,48,48,48,100,48,48,16.11
152,48,48,100,100,48,48,16.26
152,48,48,48,48,48,48,16.26
152,48,48,48,48,48,48,16.26
156,56,56,56,56,4,4,16.26
152,48,48,48,100,48,48,16.26
156,48,48,48,108,48,48,16.26
156,52,52,52,52,52,52,16.40
152,48,48,48,48,48,48,16.40
152,48,48,48,48,48,48,16.40
156,48,48,48,48,48,48,16.40
148,48,48,100,100,48,48,16.40
148,48,48,48,100,48,48,16.54
152,48,48,48,48,48,48,16.54
148,48,48,48,48,48,48,16.54
156,48,48,48,48,48,48,16.54
156,48,48,48,108,48,48,16.54
148,48,48,96,96,48,48,16.54
152,48,48,48,48,48,48,16.69
152,48,48,48,48,48,48,16.69
152,48,48,48,48,48,48,16.69
152,48,48,48,100,48,48,16.69
156,48,48,48,108,48,48,16.69
156,48,48,48,100,48,48,16.69
152,48,48,48,48,48,48,16.69
152,48,48,48,48,48,48,16.83
152,48,48,48,48,48,48,16.83
148,48,48,96,96,48,48,16.83
156,48,48,48,100,48,48,16.83
152,48,48,48,48,48,48,16.97
152,48,48,48,48,48,48,16.97
156,48,48,48,48,48,48,16.97
152,48,48,48,100,48,48,16.97
148,48,48,48,100,48,48,16.97
152,48,48,48,48,48,48,16.97
148,48,48,48,48,48,48,16.97
152,48,48,48,48,48,48,17.12
152,48,48,48,100,48,48,17.12
156,52,52,52,104,52,52,17.12
156,48,48,48,108,48,48,17.12
160,48,48,48,48,48,48,17.12
152,48,48,48,48,48,48,17.12
152,48,48,48,48,48,48,17.12
148,48,48,96,96,48,48,17.12
152,48,48,48,100,48,48,17.12
156,56,56,56,56,4,4,17.12
156,48,48,48,48,48,48,17.12
152,48,48,48,48,48,48,17.26
152,48,48,48,100,48,48,17.26
152,48,48,48,100,48,48,17.26
152,48,48,48,48,48,48,17.26
160,48,48,48,48,48,48,17.26
152,48,48,48,48,48,48,17.26
156,48,48,48,104,48,48,17.26
148,48,48,96,96,48,48,17.26
152,48,48,48,100,48,48,17.26
152,48,48,48,48,48,48,17.41
156,44,44,44,44,44,44,17.41
152,48,48,48,48,48,48,17.41
148,48,48,48,100,48,48,17.41
152,48,48,48,100,48,48,17.41
152,48,48,48,48,48,48,17.55
156,48,48,48,48,48,48,17.55
148,48,48,48,48,48,48,17.55
152,48,48,48,100,48,48,17.55
152,48,48,48,100,48,48,17.55
152,48,48,48,48,48,48,17.69
152,48,48,48,48,48,48,17.84
152,48,48,48,48,48,48,17.84
156,52,52,52,52,52,52,17.84
156,48,48,48,104,48,48,17.84
160,56,56,56,56,56,56,17.98
152,48,48,48,48,48,48,17.98
152,48,48,48,48,48,48,17.98
152,48,48,48,48,48,48,17.98
156,48,48,48,108,48,48,17.98
148,48,48,48,100,48,48,17.98
152,48,48,48,48,48,48,18.13
152,48,48,48,48,48,48,18.13
148,48,48,48,48,48,48,18.27
156,48,48,48,100,48,48,18.27
156,48,48,48,100,48,48,18.41
160,60,60,60,60,4,4,18.41
152,48,48,48,48,48,48,18.41
152,48,48,48,48,48,48,18.41
148,48,48,48,100,48,48,18.56
148,48,48,48,100,48,48,18.56
152,48,48,48,48,48,48,18.56
164,48,48,48,48,48,48,18.56
152,48,48,48,48,48,48,18.56
152,48,48,48,48,48,48,18.70
152,48,48,48,100,48,48,18.84
152,48,48,48,100,48,48,18.84
152,48,48,48,48,48,48,18.84
160,60,60,60,60,4,4,18.84
156,48,48,48,48,48,48,19.13
152,48,48,48,100,48,48,19.13
156,52,52,52,52,52,52,19.13
152,48,48,48,48,48,48,19.13
152,48,48,48,48,48,48,19.13
156,48,48,48,48,48,48,19.13
156,52,52,52,52,52,52,19.42
152,48,48,48,100,48,48,19.42
152,48,48,48,48,48,48,19.42
148,48,48,48,48,48,48,19.42
152,48,48,48,48,48,48,19.56
156,48,48,48,48,48,48,19.56
156,48,48,48,100,48,48,19.56
152,48,48,48,48,48,48,19.56
152,48,48,48,48,48,48,19.71
152,48,48,48,48,48,48,19.71
152,48,48,48,48,48,48,19.85
152,48,48,48,100,48,48,19.85
156,52,52,52,52,52,52,19.85
156,48,48,48,48,48,48,19.85
156,48,48,48,48,48,48,20.00
152,48,48,48,48,48,48,20.00
152,48,48,48,100,48,48,20.14
148,48,48,48,100,48,48,20.14
152,48,48,48,48,48,48,20.14
156,48,48,48,48,48,48,20.14
152,48,48,48,48,48,48,20.14
156,52,52,52,52,52,52,20.14
148,48,48,48,100,48,48,20.14
156,48,48,48,48,48,48,20.28
152,48,48,48,48,48,48,20.28
160,48,48,48,48,48,48,20.28
152,48,48,48,48,48,48,20.28
164,60,60,60,60,60,60,20.28
152,48,48,48,100,48,48,20.43
152,48,48,48,48,48,48,20.57
152,48,48,48,48,48,48,20.57
164,48,48,48,48,48,48,20.57
148,48,48,48,100,48,48,20.57
148,48,48,48,100,48,48,20.71
148,48,48,48,48,48,48,20.71
148,48,48,48,48,48,48,20.71
152,48,48,48,48,48,48,20.71
156,52,52,52,52,52,52,20.71
156,48,48,48,100,48,48,20.86
152,48,48,48,48,48,48,20.86
152,48,48,48,48,48,48,20.86
152,48,48,48,48,48,48,20.86
152,48,48,48,48,48,48,20.86
168,48,48,48,48,48,48,20.86
156,48,48,48,48,48,48,21.00
152,48,48,48,48,48,48,21.00
152,48,48,48,48,48,48,21.15
152,48,48,48,48,48,48,21.15
156,48,48,48,100,48,48,21.15
148,48,48,48,100,48,48,21.15
156,48,48,48,48,48,48,21.15
152,48,48,48,48,48,48,21.29
152,48,48,48,48,48,48,21.29
152,48,48,48,100,48,48,21.29
148,48,48,48,100,48,48,21.29
148,48,48,48,48,48,48,21.29
112,56,56,56,56,4,4,21.43
152,48,48,48,48,48,48,21.58
152,48,48,48,48,48,48,21.58
152,48,48,48,100,48,48,21.58
148,48,48,48,48,48,48,21.72
152,48,48,48,48,48,48,21.72
108,48,48,48,48,48,48,21.72
148,48,48,48,48,48,48,21.72
156,48,48,48,104,48,48,21.72
156,48,48,48,100,48,48,21.87
148,48,48,48,48,48,48,21.87
152,48,48,48,48,48,48,21.87
148,44,44,44,44,44,44,21.87
148,48,48,48,100,48,48,22.01
148,48,48,48,100,48,48,22.01
152,48,48,48,48,48,48,22.01
112,60,60,60,60,4,4,22.01
152,48,48,48,48,4,48,22.15
160,48,48,48,48,48,48,22.30
152,48,48,48,100,48,48,22.30
148,48,48,48,48,48,48,22.30
148,48,48,48,48,48,48,22.30
152,48,48,48,48,48,48,22.30
164,52,52,52,52,52,52,22.30
156,48,48,48,48,48,48,22.44
152,48,48,48,100,48,48,22.44
152,48,48,48,48,48,48,22.44
152,48,48,48,48,48,48,22.44
152,48,48,48,48,48,48,22.44
160,48,48,48,48,48,48,22.44
156,48,48,48,104,48,48,22.73
152,48,48,48,48,48,48,22.73
112,60,60,60,60,4,4,22.73
152,48,48,48,48,48,48,22.73
156,52,52,52,52,52,52,22.73
148,48,48,48,100,48,48,22.73
156,48,48,48,48,48,48,23.02
152,48,48,48,48,48,48,23.02
148,48,48,48,48,48,48,23.02
160,56,56,56,56,56,56,23.02
156,48,48,48,100,48,48,23.02
164,56,56,56,56,56,56,23.16
152,48,48,48,48,48,48,23.16
152,48,48,48,48,48,48,23.16
152,48,48,48,48,48,48,23.16
152,48,48,48,48,48,48,23.16
152,48,48,48,100,48,48,23.30
160,56,56,56,56,56,56,23.30
108,48,48,48,48,48,48,23.30
152,48,48,48,48,48,48,23.30
152,48,48,48,48,48,48,23.30
148,48,48,48,100,48,48,23.30
152,48,48,48,48,48,48,23.45
156,48,48,48,48,48,48,23.45
152,48,48,48,48,48,48,23.45
148,48,48,48,48,48,48,23.59
148,48,48,48,100,48,48,23.74
160,48,48,48,48,48,48,23.74
152,48,48,48,48,48,48,23.74
108,56,56,56,56,56,4,23.74
120,68,68,68,68,4,4,23.88
152,48,48,48,48,48,48,24.02
148,48,48,48,100,48,48,24.02
148,48,48,48,48,48,48,24.02
104,52,52,52,52,4,4,24.02
152,48,48,48,48,48,48,24.02
152,48,48,48,48,48,48,24.17
152,48,48,48,100,48,48,24.17
152,48,48,48,48,48,48,24.17
148,48,48,48,48,48,48,24.17
108,48,48,48,48,48,48,24.31
156,52,52,52,52,52,52,24.45
152,48,48,48,100,48,48,24.45
152,48,48,48,48,48,48,24.45
152,48,48,48,48,48,48,24.45
152,48,48,48,48,48,48,24.60
160,56,56,56,56,4,4,24.60
152,48,48,48,48,48,48,24.74
152,48,48,48,100,48,48,24.74
156,52,52,52,52,52,52,24.74
152,48,48,48,48,48,48,24.74
152,48,48,48,48,48,48,24.89
156,48,48,48,48,48,48,24.89
148,48,48,48,100,48,48,24.89
152,48,48,48,48,48,48,25.03
152,48,48,48,48,48,48,25.17
152,48,48,48,48,48,48,25.17
148,48,48,48,48,48,48,25.17
160,48,48,48,48,48,48,25.17
152,48,48,48,48,48,48,25.17
120,48,48,48,48,48,48,25.17
148,48,48,48,48,48,48,25.32
148,44,44,44,44,44,44,25.32
152,48,48,48,48,48,48,25.32
160,48,48,48,48,48,48,25.32
156,56,56,56,56,56,56,25.32
152,48,48,48,48,48,48,25.32
152,48,48,48,48,48,48,25.32
148,48,48,48,48,48,48,25.46
152,48,48,48,100,48,48,25.46
156,48,48,48,48,48,48,25.46
152,48,48,48,48,48,48,25.60
148,48,48,48,48,48,48,25.60
156,52,52,52,52,52,52,25.60
156,48,48,48,48,48,48,25.75
152,48,48,48,48,48,48,25.75
160,48,48,48,48,48,48,25.75
152,48,48,48,48,48,48,25.75
152,48,48,48,48,48,48,25.75
148,48,48,48,48,48,48,25.89
152,48,48,48,48,48,48,25.89
156,56,56,56,56,56,56,25.89
152,48,48,48,48,48,48,25.89
152,48,48,48,48,48,48,25.89
152,48,48,48,48,48,48,25.89
152,48,48,48,48,48,48,26.04
152,48,48,48,48,48,48,26.04
108,48,48,48,48,48,48,26.04
104,48,48,48,48,48,48,26.04
152,48,48,48,48,48,48,26.04
152,48,48,48,48,48,48,26.18
152,48,48,48,48,48,48,26.18
156,52,52,52,52,52,52,26.18
152,48,48,48,48,48,48,26.18
152,48,48,48,48,48,48,26.18
156,48,48,48,48,48,48,26.18
152,48,48,48,48,48,48,26.32
152,48,48,48,48,48,48,26.47
112,56,56,56,56,4,4,26.47
152,48,48,48,48,48,48,26.47
152,48,48,48,48,48,48,26.47
152,48,48,48,48,48,48,26.61
152,48,48,48,48,48,48,26.61
156,52,52,52,52,52,52,26.61
152,48,48,48,48,48,48,26.61
148,44,44,44,44,44,44,26.61
152,48,48,48,48,48,48,26.76
152,48,48,48,48,48,48,26.76
152,48,48,48,48,48,48,26.76
104,52,52,52,52,4,4,26.76
156,48,48,48,48,48,48,26.90
152,48,48,48,48,48,48,26.90
152,48,48,48,48,48,48,26.90
152,48,48,48,48,48,48,27.04
108,56,56,56,56,4,4,27.04
152,48,48,48,48,48,48,27.04
156,52,52,52,52,52,52,27.19
148,48,48,48,48,48,48,27.19
152,48,48,48,48,48,48,27.19
156,48,48,48,48,48,48,27.19
104,48,48,48,48,48,48,27.33
152,48,48,48,48,48,48,27.33
152,48,48,48,48,48,48,27.33
156,52,52,52,52,52,52,27.33
152,48,48,48,48,48,48,27.33
152,48,48,48,48,48,48,27.33
152,48,48,48,48,48,48,27.33
152,48,48,48,48,48,48,27.33
148,44,44,44,44,44,44,27.33
152,48,48,48,48,48,48,27.47
116,56,56,56,56,4,56,27.47
100,48,48,48,48,48,48,27.47
148,48,48,48,48,48,48,27.47
148,48,48,48,48,48,48,27.62
152,48,48,48,48,48,48,27.62
160,48,48,48,48,48,48,27.62
104,48,48,48,48,48,48,27.76
108,48,48,48,48,48,48,27.76
152,48,48,48,48,48,48,27.76
152,48,48,48,48,48,48,27.91
152,48,48,48,48,48,48,27.91
156,48,48,48,48,48,48,27.91
152,48,48,48,48,48,48,27.91
152,48,48,48,48,48,48,27.91
156,48,48,48,48,48,48,27.91
152,48,48,48,48,48,48,27.91
152,48,48,48,48,48,48,28.19
100,48,48,48,48,48,48,28.19
152,48,48,48,48,48,48,28.19
152,48,48,48,48,48,48,28.19
152,48,48,48,48,48,48,28.19
152,48,48,48,48,48,48,28.34
104,48,48,48,48,48,48,28.48
152,48,48,48,48,48,48,28.48
152,48,48,48,48,48,48,28.48
148,44,44,44,44,44,44,28.48
152,48,48,48,48,48,48,28.48
108,48,48,48,48,48,48,28.48
100,48,48,48,48,4,4,28.48
152,48,48,48,48,48,48,28.48
152,48,48,48,48,48,48,28.48
156,52,52,52,52,52,52,28.48
152,48,48,48,48,48,48,28.48
104,48,48,48,48,48,48,28.63
108,52,52,52,52,4,52,28.63
156,48,48,48,48,48,48,28.77
152,48,48,48,48,48,48,28.77
156,48,48,48,48,48,48,28.77
148,48,48,48,48,48,48,28.77
152,48,48,48,48,48,48,28.77
148,48,48,48,48,48,48,28.91
152,48,48,48,48,48,48,28.91
156,48,48,48,48,48,48,28.91
152,48,48,48,48,48,48,28.91
100,48,48,48,48,48,48,29.06
152,48,48,48,48,48,48,29.06
152,48,48,48,48,48,48,29.20
148,48,48,48,48,48,48,29.20
156,48,48,48,48,48,48,29.20
104,48,48,48,48,48,48,29.20
152,48,48,48,48,48,48,29.20
152,48,48,48,48,48,48,29.20
152,48,48,48,48,48,48,29.20
156,48,48,48,48,48,48,29.20
148,48,48,48,48,48,48,29.20
108,48,48,48,48,48,48,29.20
152,48,48,48,48,48,48,29.20
152,48,48,48,48,48,48,29.20
148,48,48,48,48,48,48,29.20
152,48,48,48,48,48,48,29.34
100,48,48,48,48,48,48,29.34
152,48,48,48,48,48,48,29.34
156,48,48,48,48,48,48,29.34
156,48,48,48,48,48,48,29.34
152,48,48,48,48,48,48,29.49
104,48,48,48,48,48,48,29.49
148,48,48,48,48,48,48,29.49
120,48,48,48,48,48,48,29.49
152,48,48,48,48,48,48,29.63
156,48,48,48,48,48,48,29.63
156,44,44,44,44,44,44,29.78
104,48,48,48,48,48,48,29.78
148,48,48,48,48,48,48,29.78
152,48,48,48,48,48,48,29.92
152,48,48,48,48,48,48,30.06
156,48,48,48,48,48,48,30.06
104,48,48,48,48,48,48,30.06
156,48,48,48,48,48,48,30.06
152,48,48,48,48,48,48,30.06
152,48,48,48,48,48,48,30.06
120,48,48,48,48,48,48,30.06
100,48,48,48,48,48,48,30.35
100,48,48,48,48,48,48,30.35
156,52,52,52,52,52,52,30.35
152,48,48,48,48,48,48,30.35
156,48,48,48,48,48,48,30.35
152,48,48,48,48,48,48,30.35
100,48,48,48,48,48,48,30.35
148,44,44,44,44,44,44,30.35
148,48,48,48,48,48,48,30.35
152,48,48,48,48,48,48,30.50
148,48,48,48,48,48,48,30.50
100,48,48,48,48,48,48,30.50
152,48,48,48,48,48,48,30.50
152,48,48,48,48,48,48,30.50
152,48,48,48,48,48,48,30.64
160,48,48,48,48,48,48,30.64
108,56,56,56,56,4,56,30.64
104,48,48,48,48,48,48,30.64
116,48,48,48,48,48,48,30.78
152,48,48,48,48,48,48,30.93
156,52,52,52,52,52,52,30.93
152,48,48,48,48,48,48,30.93
104,48,48,48,48,48,48,30.93
100,48,48,48,48,48,48,31.07
152,48,48,48,48,48,48,31.07
152,48,48,48,48,48,48,31.21
160,48,48,48,48,48,48,31.21
100,48,48,48,48,48,48,31.21
104,48,48,48,48,48,48,31.21
152,48,48,48,48,48,48,31.36
152,48,48,48,48,48,48,31.50
156,48,48,48,48,48,48,31.50
152,48,48,48,48,48,48,31.50
104,48,48,48,48,48,48,31.50
152,48,48,48,48,48,48,31.50
152,48,48,48,48,48,48,31.50
152,48,48,48,48,48,48,31.79
108,52,52,52,52,52,52,31.79
108,48,48,48,48,48,48,31.79
152,48,48,48,48,48,48,31.79
172,68,68,68,68,4,68,31.93
152,48,48,48,48,48,48,32.08
148,48,48,48,48,48,48,32.08
100,48,48,48,48,48,48,32.08
100,48,48,48,48,48,48,32.08
120,48,48,48,48,48,48,32.08
152,48,48,48,48,48,48,32.22
124,68,68,68,68,68,68,32.22
152,48,48,48,48,48,48,32.37
100,48,48,48,48,48,48,32.37
152,48,48,48,48,48,48,32.37
156,52,52,52,52,52,52,32.37
168,68,68,68,68,68,68,32.51
156,48,48,48,48,48,48,32.65
104,48,48,48,48,48,48,32.65
152,48,48,48,48,48,48,32.65
152,48,48,48,48,48,48,32.65
152,48,48,48,48,48,48,32.65
168,48,48,48,48,48,48,32.65
108,56,56,56,56,4,56,32.94
104,48,48,48,48,48,48,32.94
152,48,48,48,48,48,48,32.94
152,48,48,48,48,48,48,32.94
152,48,48,48,48,48,48,33.08
152,48,48,48,48,48,48,33.23
104,48,48,48,48,48,48,33.23
152,48,48,48,48,48,48,33.23
156,48,48,48,48,48,48,33.23
152,48,48,48,48,48,48,33.23
160,56,56,56,56,56,56,33.23
100,48,48,48,48,48,48,33.52
100,48,48,48,48,48,48,33.52
152,48,48,48,48,48,48,33.52
152,48,48,48,48,48,48,33.52
156,48,48,48,48,48,48,33.52
100,48,48,48,48,48,48,33.52
100,48,48,48,48,48,48,33.52
152,48,48,48,48,48,48,33.52
152,48,48,48,48,48,48,33.52
152,48,48,48,48,48,48,33.66
116,56,56,56,56,56,56,33.66
104,48,48,48,48,48,48,33.66
152,48,48,48,48,48,48,33.66
152,48,48,48,48,48,48,33.66
152,48,48,48,48,48,48,33.66
160,48,48,48,48,48,48,33.80
104,48,48,48,48,48,48,33.80
100,48,48,48,48,48,48,33.80
152,48,48,48,48,48,48,33.80
160,56,56,56,56,56,56,33.80
156,48,48,48,48,48,48,33.95
152,48,48,48,48,48,48,34.09
104,48,48,48,48,48,48,34.09
108,56,56,56,56,56,56,34.09
152,48,48,48,48,48,48,34.09
156,48,48,48,48,48,48,34.09
152,48,48,48,48,48,48,34.09
100,48,48,48,48,48,48,34.09
104,48,48,48,48,48,48,34.09
156,48,48,48,48,48,48,34.09
152,48,48,48,48,48,48,34.09
152,48,48,48,48,48,48,34.09
148,48,48,48,48,48,48,34.09
104,48,48,48,48,48,48,34.38
152,48,48,48,48,48,48,34.38
156,52,52,52,52,52,52,34.38
156,48,48,48,48,48,48,34.38
108,48,48,48,48,48,48,34.52
100,48,48,48,48,48,48,34.52
100,48,48,48,48,48,48,34.52
156,48,48,48,48,48,48,34.52
152,48,48,48,48,48,48,34.52
152,48,48,48,48,48,48,34.67
108,48,48,48,48,48,48,34.67
104,48,48,48,48,48,48,34.67
156,48,48,48,48,48,48,34.67
152,48,48,48,48,48,48,34.81
152,48,48,48,48,48,48,34.95
152,48,48,48,48,48,48,34.95
100,48,48,48,48,48,48,34.95
156,48,48,48,48,48,48,34.95
156,48,48,48,48,48,48,35.10
152,48,48,48,48,48,48,35.10
152,48,48,48,48,48,48,35.24
100,48,48,48,48,48,48,35.24
100,48,48,48,48,48,48,35.39
152,48,48,48,48,48,48,35.39
156,48,48,48,48,48,48,35.39
156,48,48,48,48,48,48,35.39
108,52,52,52,52,52,52,35.67
100,44,44,44,44,44,44,35.67
152,48,48,48,48,48,48,35.67
152,48,48,48,48,48,48,35.67
148,44,44,44,44,44,44,35.67
152,48,48,48,48,48,48,35.67
100,48,48,48,48,48,48,35.67
164,48,48,48,48,48,48,35.82
152,48,48,48,48,48,48,35.96
156,56,56,56,56,56,56,35.96
152,48,48,48,48,48,48,35.96
100,48,48,48,48,48,48,35.96
100,48,48,48,48,4,48,35.96
156,48,48,48,48,48,48,36.11
156,48,48,48,48,48,48,36.25
160,48,48,48,48,48,48,36.25
104,48,48,48,48,48,48,36.25
104,48,48,48,48,48,48,36.25
152,48,48,48,48,48,48,36.25
152,48,48,48,48,48,48,36.25
156,48,48,48,48,48,48,36.25
152,48,48,48,48,48,48,36.25
100,48,48,48,48,48,48,36.39
100,48,48,48,48,48,48,36.39
156,52,52,52,52,52,52,36.39
152,48,48,48,48,48,48,36.39
156,48,48,48,48,48,48,36.39
104,48,48,48,48,48,48,36.39
100,48,48,48,48,48,48,36.39
100,48,48,48,48,48,48,36.39
148,48,48,48,48,48,48,36.54
152,48,48,48,48,48,48,36.54
108,48,48,48,48,48,48,36.54
104,48,48,48,48,48,48,36.54
100,48,48,48,48,48,48,36.54
152,48,48,48,48,48,48,36.54
168,68,68,68,68,68,68,36.68
152,48,48,48,48,48,48,36.82
104,48,48,48,48,48,48,36.82
108,56,56,56,56,56,56,36.82
152,48,48,48,48,48,48,36.82
152,48,48,48,48,48,48,36.82
152,48,48,48,48,48,48,37.11
100,48,48,48,48,48,48,37.11
104,48,48,48,48,48,48,37.11
104,52,52,52,52,52,52,37.11
148,48,48,48,48,48,48,37.11
152,48,48,48,48,48,48,37.11
152,48,48,48,48,48,48,37.26
100,48,48,48,48,48,48,37.26
108,48,48,48,48,48,48,37.26
152,48,48,48,48,48,48,37.26
156,48,48,48,48,48,48,37.26
160,48,48,48,48,48,48,37.40
100,48,48,48,48,48,48,37.40
108,48,48,48,48,48,48,37.40
148,48,48,48,48,48,48,37.40
152,48,48,48,48,48,48,37.40
148,48,48,48,48,48,48,37.54
108,48,48,48,48,48,48,37.54
108,48,48,48,48,48,48,37.54
100,48,48,48,48,48,48,37.54
152,48,48,48,48,48,48,37.83
152,48,48,48,48,48,48,37.83
152,48,48,48,48,48,48,37.83
100,48,48,48,48,48,48,37.83
104,48,48,48,48,48,48,37.83
152,48,48,48,48,48,48,37.98
152,48,48,48,48,48,48,37.98
116,64,64,64,64,64,64,37.98
104,48,48,48,48,48,48,38.12
100,48,48,48,48,48,48,38.12
108,48,48,48,48,48,48,38.12
156,48,48,48,48,48,48,38.26
164,60,60,60,60,60,60,38.26
152,48,48,48,48,48,48,38.41
104,48,48,48,48,48,48,38.41
104,48,48,48,48,48,48,38.41
148,48,48,48,48,48,48,38.41
156,48,48,48,48,48,48,38.41
152,48,48,48,48,48,48,38.41
108,52,52,52,52,52,52,38.41
100,48,48,48,48,48,48,38.41
152,48,48,48,48,48,48,38.41
152,48,48,48,48,48,48,38.55
152,48,48,48,48,48,48,38.55
116,56,56,56,56,56,56,38.55
100,48,48,48,48,48,48,38.55
104,48,48,48,48,48,48,38.55
152,48,48,48,48,48,48,38.69
152,48,48,48,48,48,48,38.84
152,48,48,48,48,48,48,38.84
104,48,48,48,48,48,48,38.84
100,48,48,48,48,48,48,38.84
152,48,48,48,48,48,48,38.84
152,48,48,48,48,48,48,38.98
152,48,48,48,48,48,48,38.98
100,48,48,48,48,48,48,38.98
100,48,48,48,48,48,48,38.98
104,48,48,48,48,48,48,38.98
148,48,48,48,48,48,48,38.98
156,48,48,48,48,48,48,38.98
148,48,48,48,48,48,48,39.13
104,48,48,48,48,48,48,39.13
104,48,48,48,48,48,48,39.13
156,48,48,48,48,48,48,39.13
152,48,48,48,48,48,48,39.27
156,48,48,48,48,48,48,39.27
104,48,48,48,48,48,48,39.27
100,48,48,48,48,48,48,39.27
152,48,48,48,48,48,48,39.27
152,48,48,48,48,48,48,39.27
160,56,56,56,56,56,56,39.41
100,48,48,48,48,48,48,39.41
100,48,48,48,48,48,48,39.41
100,48,48,48,48,48,48,39.41
152,48,48,48,48,48,48,39.56
152,48,48,48,48,48,48,39.70
152,48,48,48,48,48,48,39.70
108,52,52,52,52,52,52,39.70
116,64,64,64,64,4,64,39.70
152,48,48,48,48,48,48,39.85
152,48,48,48,48,48,48,39.85
152,48,48,48,48,48,48,39.85
104,48,48,48,48,48,48,39.99
104,48,48,48,48,48,48,39.99
108,48,48,48,48,48,48,39.99
156,52,52,52,52,52,52,39.99
120,64,64,64,64,64,64,39.99
100,44,44,44,44,44,44,40.13
104,48,48,48,48,48,48,40.28
104,48,48,48,48,48,48,40.28
108,48,48,48,48,48,48,40.28
164,48,48,48,48,48,48,40.42
152,48,48,48,48,48,48,40.56
104,48,48,48,48,48,48,40.56
100,48,48,48,48,48,48,40.56
152,48,48,48,48,48,48,40.56
152,48,48,48,48,48,48,40.71
156,48,48,48,48,48,48,40.85
104,52,52,52,52,52,52,40.85
100,48,48,48,48,48,48,40.85
100,48,48,48,48,48,48,41.00
152,48,48,48,48,48,48,41.14
148,48,48,48,48,48,48,41.14
100,48,48,48,48,48,48,41.14
100,48,48,48,48,48,48,41.14
100,48,48,48,48,48,48,41.14
152,48,48,48,48,48,48,41.28
160,56,56,56,56,56,56,41.28
152,48,48,48,48,48,48,41.28
104,48,48,48,48,48,48,41.43
100,44,44,44,44,44,44,41.57
100,48,48,48,48,48,48,41.57
156,48,48,48,48,48,48,41.57
156,48,48,48,48,48,100,41.57
104,48,48,48,48,48,48,41.57
104,48,48,48,48,48,48,41.72
104,48,48,48,48,48,48,41.72
152,48,48,48,48,48,100,41.86
152,48,48,48,48,48,100,41.86
156,48,48,48,48,48,48,41.86
108,48,48,48,48,48,48,41.86
104,48,48,48,48,48,48,41.86
152,48,48,48,48,48,48,42.00
152,48,48,48,48,48,100,42.00
108,56,56,56,56,56,56,42.00
100,48,48,48,48,48,48,42.15
100,48,48,48,48,48,48,42.15
104,48,48,48,48,48,48,42.15
148,48,48,48,48,48,100,42.29
152,48,48,48,48,48,104,42.43
108,56,56,56,56,56,56,42.43
100,48,48,48,48,48,48,42.43
100,48,48,48,48,48,48,42.72
148,48,48,48,48,48,100,42.72
152,48,48,48,48,48,100,42.72
100,48,48,48,48,48,48,42.72
108,52,52,52,52,52,52,42.87
104,48,48,48,48,48,48,43.01
152,48,48,48,48,48,100,43.01
148,48,48,48,48,48,100,43.01
116,48,48,48,48,48,48,43.15
100,44,44,44,44,44,44,43.30
104,48,48,48,48,48,48,43.30
100,48,48,48,48,48,48,43.30
148,48,48,48,48,48,100,43.30
152,48,48,48,48,48,100,43.30
104,48,48,48,48,48,48,43.44
100,48,48,48,48,48,48,43.44
108,48,48,48,48,48,48,43.44
152,48,48,48,48,48,100,43.44
148,48,48,48,48,48,100,43.59
100,48,48,48,48,48,100,43.59
108,48,48,48,48,48,48,43.59
100,48,48,48,48,48,48,43.59
156,48,48,48,48,48,100,43.73
152,48,48,48,48,48,100,43.73
148,48,48,48,48,48,100,43.87
100,48,48,48,48,48,48,43.87
104,48,48,48,48,48,48,43.87
108,56,56,56,56,56,56,43.87
100,48,48,48,48,48,100,43.87
116,64,64,64,64,64,64,44.02
100,48,48,48,48,48,100,44.16
104,48,48,48,48,48,48,44.16
100,48,48,48,48,48,100,44.30
148,48,48,48,48,48,100,44.45
160,48,48,48,48,48,108,44.45
100,48,48,48,48,48,100,44.45
108,48,48,48,48,48,48,44.45
100,48,48,48,48,48,48,44.45
152,48,48,48,48,48,100,44.45
156,56,56,56,56,56,108,44.45
104,48,48,48,48,48,104,44.59
104,48,48,48,48,48,104,44.59
104,48,48,48,48,48,48,44.59
100,48,48,48,48,48,100,44.59
156,48,48,48,48,48,100,44.74
156,52,52,52,52,52,104,44.74
100,48,48,48,48,48,100,44.74
104,48,48,48,48,48,48,44.74
100,48,48,48,48,48,100,44.88
148,48,48,48,48,48,100,44.88
148,44,44,44,44,44,100,45.02
100,48,48,48,48,48,100,45.02
100,48,48,48,48,48,100,45.02
100,48,48,48,48,48,100,45.02
152,48,48,48,48,48,100,45.17
152,48,48,48,48,48,100,45.17
152,48,48,48,48,48,104,45.17
100,48,48,48,48,48,100,45.17
100,48,48,48,48,48,100,45.17
100,48,48,48,48,48,100,45.31
156,48,48,48,48,48,108,45.31
152,48,48,48,48,48,100,45.31
100,48,48,48,48,48,100,45.31
100,48,48,48,48,48,100,45.31
108,48,48,48,48,48,108,45.46
152,48,48,48,48,48,100,45.46
152,48,48,48,48,48,100,45.46
100,48,48,48,48,48,100,45.46
100,48,48,48,48,48,100,45.60
100,48,48,48,48,48,100,45.60
100,48,48,48,48,48,100,45.60
152,48,48,100,48,48,100,45.60
112,60,60,60,60,60,112,45.60
100,48,48,48,48,48,100,45.74
100,48,48,48,48,48,100,45.74
100,48,48,48,48,48,100,45.89
156,48,48,48,48,48,104,45.89
104,48,48,48,48,48,104,45.89
100,48,48,48,48,48,100,46.03
104,48,48,48,48,48,104,46.03
100,48,48,48,48,48,100,46.17
152,48,48,100,48,48,100,46.17
148,48,48,48,48,48,100,46.17
112,60,60,60,60,60,112,46.17
100,48,48,48,48,48,100,46.46
100,48,48,48,48,48,100,46.46
104,52,52,52,52,52,104,46.46
148,48,48,100,48,48,100,46.46
100,48,48,48,48,48,100,46.61
100,48,48,48,48,48,100,46.75
104,48,48,48,48,48,104,46.75
152,48,48,48,48,48,100,46.75
116,48,48,48,48,48,116,46.75
148,48,48,100,48,48,100,46.89
100,48,48,48,48,48,100,47.04
100,48,48,48,48,48,100,47.04
112,60,60,60,60,60,112,47.04
148,48,48,100,48,48,100,47.04
156,48,48,100,48,48,100,47.18
100,48,48,48,48,48,100,47.33
100,48,48,48,48,48,100,47.33
100,48,48,48,48,48,100,47.33
152,48,48,100,48,48,100,47.33
156,52,52,104,52,52,104,47.33
100,48,48,48,48,48,100,47.33
100,48,48,48,48,48,100,47.61
100,48,48,48,48,48,100,47.61
156,48,48,104,48,48,104,47.61
156,48,48,100,48,48,100,47.61
96,48,48,96,48,48,96,47.61
100,48,48,48,48,48,100,47.76
108,56,56,56,56,56,108,47.90
148,48,48,96,48,48,96,47.90
152,48,48,100,48,48,100,47.90
152,48,48,100,48,48,100,47.90
100,48,48,48,48,48,100,47.90
108,52,52,52,52,52,108,47.90
100,48,48,100,48,48,100,47.90
148,48,48,100,48,48,100,47.90
148,48,48,96,48,48,96,47.90
96,48,48,96,48,48,96,47.90
100,48,48,48,48,48,100,48.04
100,48,48,48,48,48,100,48.04
156,52,52,104,52,52,104,48.04
152,52,52,104,52,52,104,48.19
108,48,48,108,48,48,108,48.19
100,48,48,48,48,48,100,48.19
100,48,48,48,48,48,100,48.19
152,48,48,100,48,48,100,48.19
104,48,48,104,48,48,104,48.19
156,48,48,100,48,48,100,48.33
100,48,48,48,48,48,100,48.33
100,48,48,48,48,48,100,48.33
104,52,52,104,52,52,104,48.33
156,48,48,104,48,48,104,48.48
148,48,48,100,48,48,100,48.48
100,48,48,48,48,48,100,48.48
104,48,48,48,48,48,104,48.62
100,48,48,100,48,48,100,48.62
152,48,48,100,48,48,100,48.62
148,48,48,100,48,48,100,48.62
100,48,48,48,48,48,100,48.62
100,48,48,48,48,48,100,48.76
108,56,56,56,56,56,108,48.76
156,48,48,100,48,48,100,48.76
144,48,48,96,48,96,144,48.76
100,48,48,100,48,48,100,48.76
100,48,48,100,48,48,100,49.05
100,48,48,100,48,48,100,49.05
148,48,48,96,48,48,96,49.05
156,48,48,104,48,48,104,49.05
148,48,48,96,48,48,96,49.05
100,48,48,100,48,48,100,49.05
104,48,48,104,48,48,104,49.05
96,48,48,96,48,48,96,49.05
144,48,48,96,48,96,144,49.19
100,48,48,100,48,48,100,49.34
96,48,48,96,48,48,96,49.34
96,48,48,96,48,48,96,49.34
100,48,48,100,48,48,100,49.34
104,48,48,104,48,48,104,49.34
152,48,100,100,48,48,152,49.34
108,56,56,108,56,56,108,49.48
96,48,48,96,48,48,96,49.48
100,48,48,100,48,48,100,49.48
148,48,48,100,48,48,100,49.48
144,48,92,92,92,92,144,49.48
148,48,48,100,48,48,100,49.63
96,48,48,96,48,48,96,49.63
104,52,52,104,52,52,104,49.63
96,48,48,96,48,48,96,49.63
112,60,60,112,60,60,112,49.63
148,48,96,96,48,96,148,49.77
100,48,48,100,48,48,100,49.91
108,56,56,108,56,56,108,49.91
100,48,48,100,48,48,100,49.91
144,48,92,92,92,92,144,49.91
148,48,48,100,48,100,148,49.91
100,48,48,100,48,48,100,49.91
100,48,48,100,48,48,100,49.91
96,48,48,96,48,48,96,49.91
148,48,48,100,48,48,148,49.91
144,48,92,92,92,92,144,49.91
100,48,48,100,48,48,100,50.06
100,48,48,100,48,48,100,50.20
96,48,48,96,48,48,96,50.20
104,56,56,104,56,56,104,50.20
144,48,92,92,92,92,144,50.20
148,48,96,96,96,96,148,50.20
96,48,48,96,48,48,96,50.20
100,48,48,100,48,48,100,50.20
96,48,48,96,48,48,96,50.20
116,68,68,116,68,68,116,50.20
152,56,100,100,100,100,152,50.35
100,48,48,100,48,48,100,50.49
104,52,52,104,52,52,104,50.49
100,48,48,100,48,48,100,50.49
144,48,92,92,92,92,144,50.49
144,48,96,144,96,96,144,50.63
96,48,48,96,48,48,96,50.78
96,48,48,96,48,48,96,50.78
100,48,48,100,48,48,100,50.78
148,48,96,96,96,96,148,50.78
148,52,100,148,100,100,148,50.78
144,48,92,92,92,92,144,50.92
104,52,52,104,52,52,104,50.92
104,52,52,104,52,52,104,51.06
104,48,104,104,48,48,104,51.06
144,48,96,144,96,96,144,51.06
144,48,92,144,92,92,144,51.06
100,48,48,100,48,48,100,51.06
96,48,48,96,48,48,96,51.06
100,48,48,100,48,48,100,51.06
148,48,92,148,92,92,148,51.06
144,48,96,144,96,96,144,51.21
96,48,96,96,48,96,148,51.35
104,48,48,104,48,48,104,51.35
100,48,48,100,48,48,100,51.35
144,48,96,144,96,96,144,51.35
144,48,96,144,96,96,144,51.50
144,48,92,144,92,92,144,51.50
100,48,48,100,48,48,100,51.64
104,48,48,104,48,48,104,51.64
144,48,96,144,96,96,144,51.64
144,48,96,144,96,96,144,51.64
144,48,96,144,96,96,144,51.64
100,48,48,100,48,48,100,51.64
100,48,48,100,48,48,100,51.64
92,48,92,92,92,92,152,51.64
152,48,100,152,100,100,152,51.78
156,48,100,156,100,100,156,51.78
108,48,108,108,48,48,108,51.78
96,48,48,96,48,48,96,51.78
92,48,92,144,92,92,144,51.78
144,48,92,144,92,92,144,51.93
144,48,92,144,92,92,144,51.93
96,48,96,148,96,96,148,51.93
96,48,48,96,48,48,96,52.07
92,48,92,144,92,92,144,52.07
144,48,92,144,92,92,144,52.07
148,48,100,148,100,100,148,52.07
100,48,100,152,100,100,152,52.07
96,48,48,96,48,48,96,52.07
92,48,92,144,92,92,144,52.07
144,48,96,144,96,96,144,52.22
140,48,92,140,92,92,140,52.22
100,48,100,152,100,100,152,52.22
92,48,92,92,92,48,92,52.22
96,48,96,144,96,96,144,52.22
144,48,92,144,92,92,144,52.36
144,48,96,144,96,96,144,52.36
144,48,92,144,92,92,144,52.36
92,48,92,144,92,92,144,52.36
96,48,96,148,96,96,148,52.50
108,56,108,156,108,108,156,52.50
156,56,104,156,104,104,156,52.50
96,48,96,152,96,96,152,52.50
92,48,92,152,92,48,152,52.65
92,48,92,148,92,92,148,52.65
92,48,92,144,92,92,144,52.65
144,48,92,144,92,92,144,52.79
144,48,92,144,92,92,144,52.79
92,48,92,144,92,92,144,52.79
92,48,92,144,92,92,144,52.79
100,48,100,152,100,100,152,52.79
152,48,100,152,100,100,152,52.79
144,48,96,144,96,96,144,52.93
96,48,96,152,96,96,152,52.93
96,48,96,144,96,96,144,52.93
96,48,96,160,96,96,160,52.93
144,48,96,144,96,96,144,53.08
144,48,92,144,92,92,144,53.22
96,48,96,148,96,96,148,53.22
92,44,92,144,92,92,144,53.37
92,48,92,144,92,92,144,53.37
108,48,108,160,108,48,160,53.37
144,48,92,144,92,92,144,53.51
96,48,96,156,96,96,156,53.51
92,44,92,144,92,92,144,53.51
92,48,92,144,92,92,144,53.65
144,48,92,192,92,92,144,53.65
144,48,96,196,96,96,144,53.65
96,48,96,148,96,96,148,53.65
96,48,96,148,96,96,148,53.80
92,48,92,144,92,92,144,53.94
140,48,92,192,92,92,140,53.94
152,48,100,204,100,100,152,53.94
100,52,100,152,100,100,152,53.94
96,52,96,148,96,96,148,53.94
96,48,96,148,96,96,148,53.94
144,48,96,196,96,96,144,53.94
140,48,140,192,140,92,192,53.94
92,48,92,144,92,92,144,54.09
92,48,92,144,92,92,144,54.09
92,48,92,144,92,92,144,54.09
144,48,92,196,92,92,144,54.09
140,92,140,192,140,92,192,54.09
144,48,96,196,96,96,144,54.23
92,48,92,144,92,92,144,54.23
100,48,100,152,100,100,152,54.23
100,48,100,200,100,100,148,54.23
140,48,140,192,140,96,192,54.23
96,48,96,196,96,96,148,54.37
96,48,96,148,96,96,148,54.37
96,48,96,148,96,96,148,54.37
92,48,92,196,92,92,144,54.37
140,92,140,192,140,92,192,54.52
96,48,144,196,96,96,144,54.66
96,48,96,148,96,96,148,54.66
92,48,92,144,92,92,144,54.66
100,48,100,200,100,100,152,54.66
136,92,136,188,136,92,188,54.80
96,48,144,196,96,96,144,54.80
92,48,92,144,92,92,144,54.80
96,48,96,144,96,96,144,54.95
140,48,140,192,140,92,192,54.95
140,92,140,192,140,92,192,54.95
96,48,144,196,144,96,144,54.95
96,48,96,196,96,96,148,54.95
100,56,100,152,100,100,152,54.95
100,56,152,204,100,100,152,54.95
144,96,144,196,144,96,196,54.95
92,48,140,192,140,92,140,55.09
96,48,96,196,96,96,148,55.09
100,52,100,200,100,100,152,55.09
100,56,148,200,148,100,148,55.09
140,92,140,192,140,92,192,55.09
108,64,108,212,108,108,160,55.24
96,48,96,196,96,96,148,55.38
92,48,144,196,92,92,144,55.38
140,92,140,188,140,92,188,55.38
140,92,140,240,140,92,192,55.38
92,48,140,192,140,92,140,55.38
92,44,140,192,92,92,140,55.38
100,56,148,200,100,100,148,55.38
144,96,144,196,144,96,196,55.52
136,92,136,240,136,92,188,55.67
92,48,140,192,140,92,140,55.67
96,48,144,196,96,96,144,55.67
92,92,144,192,144,92,144,55.67
140,92,140,240,140,92,192,55.67
140,92,140,240,140,92,188,55.81
96,48,144,196,144,96,144,55.96
96,48,144,196,144,96,144,55.96
92,92,140,192,140,92,192,55.96
140,92,140,240,140,92,188,55.96
152,92,152,200,152,92,200,55.96
92,48,140,196,140,92,140,56.10
92,48,140,192,140,92,140,56.10
92,92,140,188,140,92,188,56.10
140,92,188,248,140,92,188,56.10
148,92,148,248,148,92,196,56.10
96,48,144,196,144,96,144,56.24
96,48,156,208,156,96,156,56.24
140,92,140,240,140,92,192,56.39
140,92,188,240,140,92,188,56.39
92,92,140,240,140,92,188,56.39
92,44,140,192,140,92,140,56.53
92,48,140,192,92,92,140,56.53
140,92,188,240,140,92,188,56.67
140,92,188,240,140,92,188,56.67
92,92,140,244,140,92,188,56.67
100,52,148,204,148,100,148,56.82
92,92,148,200,148,92,200,56.82
104,104,156,260,156,104,212,56.82
140,92,188,240,140,92,188,56.96
92,92,140,240,140,92,192,56.96
92,92,140,192,140,92,140,56.96
92,92,140,240,140,92,192,57.11
136,92,184,236,184,136,184,57.25
140,92,192,244,140,92,192,57.25
96,96,148,196,148,96,148,57.25
96,96,144,196,144,96,144,57.25
96,96,192,244,144,96,192,57.25
148,100,196,248,148,100,196,57.25
92,92,192,240,144,92,192,57.39
92,92,140,192,140,92,140,57.39
92,92,140,240,140,92,192,57.39
140,92,188,236,140,92,188,57.39
136,92,184,284,184,136,184,57.54
92,92,152,252,152,92,200,57.68
100,100,156,204,156,100,156,57.68
96,96,144,244,144,96,196,57.68
148,100,196,248,148,100,196,57.68
136,92,184,236,184,136,184,57.83
92,92,140,240,140,92,188,57.83
92,92,144,240,144,92,192,57.83
92,92,192,240,144,92,192,57.97
136,92,184,292,184,136,184,57.97
92,92,192,244,144,92,192,57.97
92,92,140,240,140,92,188,58.11
92,92,188,240,140,92,188,58.11
140,92,188,288,188,140,188,58.11
136,88,184,284,184,136,184,58.11
92,92,196,248,140,92,196,58.11
92,92,144,248,144,92,144,58.11
92,92,196,248,144,92,196,58.11
144,96,196,296,196,144,196,58.26
96,96,192,292,192,96,192,58.26
92,92,192,240,144,92,192,58.26
92,92,188,240,140,92,188,58.40
92,92,192,292,144,92,192,58.54
136,136,236,284,188,136,236,58.54
136,92,184,292,184,136,184,58.54
92,92,196,244,144,92,196,58.54
92,92,196,244,140,92,196,58.69
140,92,192,292,192,140,192,58.69
136,136,236,284,188,136,236,58.83
92,92,188,288,140,92,188,58.83
88,88,188,236,140,88,188,58.83
92,92,188,240,140,92,188,58.83
132,132,240,288,184,132,184,58.83
136,136,236,288,188,136,188,58.98
92,92,188,244,140,92,188,59.12
92,92,188,244,140,92,188,59.12
92,92,188,292,188,140,188,59.12
140,140,236,288,188,140,236,59.12
92,92,192,292,192,92,192,59.12
100,100,196,248,148,100,196,59.12
92,92,188,288,140,92,188,59.12
136,136,232,284,184,136,232,59.41
136,136,236,284,188,136,236,59.41
92,92,196,300,148,92,196,59.41
96,96,200,248,144,96,200,59.41
92,92,196,308,196,140,196,59.41
136,136,236,336,184,136,236,59.55
132,132,232,284,184,132,184,59.55
92,92,188,296,140,92,188,59.55
92,92,192,292,144,92,192,59.55
92,136,232,284,184,136,184,59.55
136,136,240,340,184,136,240,59.69
96,96,192,296,192,96,192,59.69
92,92,188,288,140,92,188,59.69
92,140,188,292,188,140,188,59.69
140,140,252,352,188,140,188,59.69
136,136,232,332,184,136,232,59.98
92,140,188,296,188,92,188,59.98
92,92,196,304,148,92,196,59.98
96,144,248,348,196,144,196,59.98
136,136,236,336,188,136,236,59.98
92,136,236,284,184,136,184,60.27
92,92,192,292,144,92,192,60.27
92,140,244,292,188,140,188,60.27
136,136,240,340,192,136,240,60.27
136,136,236,336,188,136,236,60.41
92,140,236,288,188,140,188,60.41
92,140,192,292,192,140,192,60.41
112,160,260,356,208,112,208,60.41
144,144,240,340,192,144,240,60.56
92,136,236,336,184,136,184,60.56
92,140,208,308,140,92,208,60.56
92,136,236,332,184,136,184,60.70
136,136,284,332,188,136,236,60.70
92,140,244,340,192,140,192,60.70
100,144,244,292,192,100,192,60.85
92,136,236,332,184,136,184,60.99
136,136,236,336,188,136,236,60.99
136,136,240,344,184,136,240,60.99
104,152,248,348,200,104,200,60.99
92,140,248,300,188,140,188,61.13
92,140,236,336,188,140,236,61.28
144,188,292,392,236,144,236,61.28
96,140,240,340,188,140,188,61.28
92,136,236,332,184,136,184,61.56
92,136,240,340,192,136,192,61.56
136,184,280,384,232,136,232,61.56
96,144,240,340,192,144,240,61.56
92,136,236,300,188,136,188,61.56
96,144,240,340,192,144,192,61.71
136,184,280,380,232,136,232,61.71
136,184,288,384,236,136,236,61.71
92,136,236,340,184,136,184,61.71
96,144,240,340,192,144,192,61.71
92,184,284,332,184,140,232,61.85
136,180,280,384,228,136,228,61.85
100,144,240,340,192,144,240,62.00
92,140,236,336,188,140,188,62.00
88,136,232,332,184,136,184,62.00
136,180,284,392,228,136,228,62.14
96,188,284,384,236,144,236,62.14
92,136,236,336,184,136,184,62.28
92,140,240,340,192,140,192,62.43
92,184,288,388,232,136,232,62.43
96,192,288,404,236,144,236,62.43
92,184,284,340,184,140,232,62.57
96,140,240,340,188,140,188,62.57
92,184,280,388,184,136,232,62.57
96,188,288,388,236,144,236,62.57
92,184,288,384,232,136,232,62.57
92,140,236,336,188,140,188,62.71
92,140,236,344,188,140,188,62.71
100,192,288,392,236,144,236,62.86
92,184,280,380,232,136,232,62.86
92,184,284,332,184,140,184,63.00
92,188,240,344,188,136,188,63.15
96,188,288,388,188,144,188,63.15
136,184,280,380,232,136,232,63.29
92,184,288,344,184,136,184,63.43
92,144,240,340,192,144,192,63.43
92,184,284,380,232,140,232,63.43
136,228,332,384,228,136,228,63.58
96,188,284,392,236,140,236,63.58
88,188,240,340,188,140,188,63.58
92,184,280,380,232,136,232,63.72
108,208,304,404,256,160,256,63.72
92,184,284,384,228,136,228,63.86
100,192,292,340,192,144,192,63.86
96,188,288,340,188,144,188,64.01
108,200,296,396,248,152,248,64.01
136,236,332,384,236,136,236,64.15
92,188,288,388,188,144,188,64.15
112,204,252,352,204,156,204,64.15
92,184,280,388,232,136,232,64.30
104,240,340,388,240,148,240,64.44
92,184,280,380,232,136,232,64.44
92,184,280,332,184,136,184,64.58
92,188,292,392,236,136,236,64.58
136,228,328,424,228,180,228,64.73
108,200,296,400,248,152,248,64.73
92,184,288,340,184,136,184,64.87
100,192,288,388,240,144,240,64.87
136,228,332,432,228,184,228,65.01
136,228,324,376,228,180,228,65.01
96,188,288,388,188,144,188,65.16
92,188,288,384,236,136,236,65.30
136,228,328,424,228,180,228,65.30
136,252,352,404,252,200,252,65.30
92,192,288,388,240,144,240,65.45
92,184,280,380,228,136,228,65.59
92,232,336,384,232,140,232,65.59
96,232,332,432,232,188,232,65.73
92,228,328,380,228,136,228,65.88
92,184,280,332,232,136,232,65.88
92,212,312,408,212,160,212,65.88
136,228,324,424,276,180,228,66.02
92,228,336,384,228,136,228,66.16
92,184,288,340,184,136,184,66.16
96,236,284,384,236,144,236,66.16
132,228,328,428,280,180,228,66.45
92,232,336,436,232,184,232,66.45
96,188,288,384,236,144,236,66.45
104,196,304,400,196,152,196,66.60
136,228,332,432,276,180,228,66.74
96,236,332,440,236,188,236,66.74
96,232,332,384,232,140,232,66.74
92,228,332,384,228,136,228,67.03
92,236,336,392,236,144,236,67.03
96,280,332,432,280,188,236,67.03
92,228,328,380,228,136,228,67.17
92,240,296,392,240,140,184,67.31
92,232,328,428,232,184,232,67.46
136,272,372,420,272,180,272,67.46
92,232,340,388,232,180,232,67.46
96,236,284,384,236,140,188,67.46
92,228,328,376,228,136,228,67.60
136,280,380,428,280,180,232,67.60
92,236,336,432,236,188,236,67.60
92,228,328,384,228,136,228,67.75
92,236,336,388,236,144,236,67.75
136,244,344,448,244,180,244,67.75
136,276,380,428,276,180,228,67.89
92,232,328,380,232,136,232,68.03
92,228,336,384,228,136,228,68.03
92,284,380,432,284,184,236,68.18
136,276,372,424,276,180,228,68.32
92,228,332,384,228,184,228,68.32
96,244,340,392,244,144,196,68.32
92,276,328,428,276,184,228,68.32
132,272,372,432,272,180,272,68.46
100,244,340,392,244,148,244,68.46
92,232,328,380,232,140,232,68.46
92,280,328,428,228,184,228,68.46
140,280,384,436,280,188,232,68.46
92,276,376,424,276,184,228,68.61
92,232,328,384,232,140,232,68.61
92,232,336,384,232,184,232,68.75
96,280,380,428,280,188,232,68.75
136,276,380,432,276,184,228,68.75
92,228,328,380,228,184,228,68.89
88,232,332,384,232,136,232,68.89
136,280,380,428,280,188,232,69.04
136,272,372,420,272,180,272,69.04
92,284,348,396,228,180,228,69.04
92,236,336,388,236,144,236,69.18
92,296,344,444,228,184,228,69.18
136,272,376,432,272,180,272,69.33
92,276,376,424,276,184,232,69.47
92,228,328,376,228,136,228,69.47
92,276,380,436,276,180,228,69.47
136,280,380,428,280,188,232,69.47
92,276,376,424,276,184,232,69.61
92,232,332,384,232,180,232,69.61
92,284,336,384,232,184,232,69.61
136,324,372,420,272,180,272,69.90
92,280,380,428,280,188,236,69.90
92,280,332,384,228,184,228,69.90
96,284,332,384,236,140,236,69.90
136,280,380,428,280,188,232,70.04
136,324,372,420,272,180,272,70.04
100,284,332,388,236,188,236,70.19
96,284,332,384,236,144,236,70.19
92,276,372,424,276,180,228,70.19
136,328,384,432,280,180,232,70.33
92,276,376,428,276,184,232,70.47
92,276,328,376,228,184,228,70.47
92,276,384,436,276,180,228,70.47
140,328,380,428,280,188,232,70.47
92,276,376,424,276,184,228,70.47
92,284,332,384,228,184,228,70.47
92,284,384,384,236,188,236,70.62
136,324,372,424,276,180,276,70.62
136,280,376,428,280,180,228,70.62
88,276,332,380,228,180,228,70.62
92,276,324,376,228,180,228,70.76
152,296,396,444,296,196,252,70.76
136,320,376,428,272,180,272,70.91
100,284,380,380,236,188,236,70.91
92,284,336,384,236,188,236,70.91
92,324,372,424,276,180,228,71.05
136,328,432,432,280,180,228,71.05
100,284,380,432,284,188,236,71.05
92,280,328,380,232,184,232,71.19
92,288,388,436,288,184,240,71.34
136,324,420,472,272,180,272,71.34
92,328,376,424,276,184,232,71.34
92,284,340,388,236,188,236,71.34
92,276,376,424,276,184,228,71.48
136,320,420,420,272,180,272,71.48
136,328,376,428,280,180,228,71.62
92,280,376,376,228,184,228,71.77
92,284,384,384,236,184,236,71.77
136,324,420,420,276,184,276,71.77
144,348,396,444,284,188,236,71.77
92,284,380,380,236,188,236,71.91
92,280,376,376,232,184,232,71.91
136,328,376,428,280,184,232,72.05
144,332,428,428,284,188,236,72.05
92,276,372,424,276,180,228,72.05
92,284,340,388,236,184,236,72.20
136,324,372,420,272,180,228,72.34
136,324,420,472,272,180,272,72.34
92,288,384,436,288,180,240,72.34
92,296,344,396,228,184,228,72.34
92,288,388,440,288,196,244,72.48
140,336,432,432,288,188,232,72.63
136,324,376,424,276,184,228,72.63
92,280,380,380,228,184,228,72.63
92,332,380,428,276,184,228,72.77
136,324,424,424,276,184,228,72.77
136,328,380,428,280,180,228,72.77
92,276,376,424,276,184,228,72.77
92,284,348,396,236,188,236,72.77
136,328,428,428,280,180,232,72.91
136,324,420,472,272,180,272,72.91
100,284,388,388,284,188,236,73.06
96,280,380,380,232,184,232,73.06
136,324,420,420,276,180,228,73.20
136,336,432,432,284,180,236,73.20
88,324,372,420,276,180,228,73.35
92,280,376,376,232,184,232,73.35
136,332,384,436,284,184,228,73.35
136,368,420,468,320,180,272,73.63
136,328,380,428,280,180,228,73.63
92,284,384,384,236,188,236,73.63
136,320,372,420,272,180,228,73.63
140,328,428,484,280,188,280,73.92
144,332,380,428,284,188,236,73.92
92,332,380,380,276,184,232,73.92
96,332,380,428,284,188,236,73.92
136,328,440,440,276,184,276,73.92
136,328,428,428,280,180,232,74.06
92,324,372,424,276,180,228,74.06
92,324,376,428,276,180,228,74.06
140,328,428,428,280,188,232,74.21
136,368,420,468,320,180,272,74.21
92,332,384,436,276,184,228,74.21
104,288,384,384,240,192,240,74.21
136,324,420,420,276,180,228,74.49
132,380,428,428,276,184,276,74.49
92,336,384,436,288,180,240,74.49
92,344,392,392,276,184,228,74.64
140,336,384,432,288,188,232,74.78
136,368,416,468,320,180,272,74.78
136,328,380,428,276,180,228,74.78
92,332,380,380,236,188,236,75.07
136,324,420,420,276,180,228,75.07
140,376,424,476,328,188,280,75.07
136,332,380,448,276,184,228,75.07
92,332,380,380,284,188,236,75.35
136,324,372,424,276,180,228,75.35
136,376,424,472,328,228,272,75.35
136,372,420,420,276,180,228,75.64
132,320,372,420,272,180,228,75.64
136,336,388,436,288,188,240,75.64
136,388,436,436,340,228,276,75.78
136,384,432,432,276,184,228,75.93
96,328,376,428,280,188,232,75.93
136,324,372,424,276,180,228,75.93
136,380,428,484,284,184,228,75.93
140,392,440,440,296,188,248,75.93
136,324,372,428,276,184,228,76.07
136,328,376,428,272,180,228,76.21
144,380,428,428,284,188,236,76.21
152,396,444,444,300,200,252,76.21
132,328,376,428,272,180,224,76.36
132,328,376,428,280,180,228,76.50
136,372,420,476,276,180,228,76.64
144,400,448,448,296,204,248,76.64
136,372,420,420,276,184,228,76.79
136,324,376,432,276,184,228,76.79
144,376,428,428,284,188,236,76.93
136,368,420,468,320,228,272,77.07
136,336,432,432,288,188,240,77.07
136,320,372,420,272,180,228,77.07
136,372,424,424,276,180,228,77.22
140,380,428,480,332,240,284,77.22
136,368,420,420,272,180,228,77.22
136,332,380,428,284,188,236,77.36
136,376,428,428,284,188,236,77.36
136,372,424,472,324,224,272,77.50
136,372,428,428,324,180,228,77.50
144,332,380,432,284,188,236,77.50
140,376,424,424,280,188,232,77.65
136,372,420,472,320,224,272,77.65
144,396,448,448,284,188,236,77.65
136,324,372,420,276,180,228,77.93
136,380,380,432,280,180,232,77.93
144,388,440,440,328,188,280,77.93
136,368,424,424,320,228,272,78.22
148,336,384,436,288,192,240,78.22
136,372,420,420,276,184,228,78.51
184,380,428,480,332,232,232,78.51
180,428,428,480,320,228,272,78.51
140,384,384,432,280,188,232,78.79
140,376,376,428,280,188,232,78.79
148,380,432,432,332,192,240,78.79
180,424,424,472,328,228,272,78.94
136,372,420,420,276,184,228,78.94
136,376,376,428,284,184,236,78.94
152,392,444,444,296,196,244,79.08
180,420,472,472,324,228,280,79.22
136,372,428,428,276,184,228,79.37
136,376,376,428,280,180,228,79.51
180,416,416,468,320,228,272,79.51
180,428,428,480,328,232,280,79.65
132,368,420,420,272,180,224,79.80
136,336,384,436,288,180,240,79.80
180,416,416,464,320,224,272,80.08
180,416,464,464,320,224,272,80.08
144,384,432,432,288,196,240,80.23
136,372,420,420,276,180,228,80.23
184,372,424,424,324,184,232,80.37
188,424,472,472,328,232,280,80.37
180,368,424,424,320,180,228,80.37
136,376,376,428,276,180,228,80.51
188,376,424,424,328,188,232,80.51
180,424,424,476,328,180,232,80.51
180,372,420,420,324,224,224,80.66
136,376,376,424,272,180,228,80.66
180,372,420,420,324,180,228,80.80
180,420,468,468,324,224,276,80.80
184,388,436,436,340,184,244,80.80
180,372,424,424,276,180,228,81.09
192,384,432,432,288,192,240,81.09
176,428,476,476,332,224,284,81.23
180,428,428,428,332,228,228,81.37
180,368,416,416,272,180,224,81.37
180,388,436,436,272,180,228,81.51
184,420,472,472,324,232,276,81.66
180,416,468,468,320,224,272,81.66
188,376,432,432,280,188,232,81.66
180,372,420,420,276,180,228,81.80
184,420,468,468,324,232,276,81.94
224,432,432,484,324,224,276,81.94
196,392,392,444,296,196,248,82.09
176,368,424,424,320,176,224,82.23
184,420,476,476,324,232,276,82.23
220,412,460,460,316,220,268,82.37
180,376,424,424,328,180,228,82.37
188,376,424,424,280,188,232,82.37
224,416,472,472,320,224,272,82.66
232,424,472,472,328,232,280,82.66
180,420,420,420,324,180,228,82.66
180,384,432,432,280,180,236,82.94
220,412,460,460,316,220,268,82.94
224,416,468,468,368,224,272,82.94
188,424,424,424,328,188,232,83.09
180,368,416,416,320,180,228,83.09
224,420,468,468,324,224,224,83.09
228,416,468,468,368,228,276,83.09
224,420,420,420,320,224,224,83.09
188,376,428,428,280,188,236,83.09
192,436,436,436,340,192,248,83.23
228,468,468,468,372,228,276,83.37
224,412,468,468,316,224,272,83.37
200,396,396,396,296,200,248,83.37
224,416,416,464,320,224,224,83.52
224,468,468,468,364,224,272,83.52
240,428,428,480,332,192,240,83.52
180,368,416,416,320,180,228,83.66
224,424,424,424,328,224,224,83.66
224,460,460,460,364,224,272,83.66
224,420,472,472,320,224,272,83.80
188,376,424,424,328,188,232,83.80
224,416,416,416,320,180,224,83.80
224,468,468,468,372,224,272,83.80
228,420,468,468,324,228,276,83.95
224,420,420,420,324,180,224,84.09
228,424,424,424,320,180,228,84.09
228,420,468,468,324,228,276,84.09
228,468,468,468,372,228,276,84.23
232,424,424,424,328,180,232,84.38
228,424,424,424,328,180,228,84.38
240,432,480,480,336,196,240,84.52
228,424,476,476,328,228,280,84.66
224,416,416,416,320,224,224,84.66
192,384,432,432,288,192,240,84.66
224,460,460,460,364,224,272,84.95
272,460,460,460,364,224,272,84.95
228,440,440,440,332,184,228,84.95
224,416,416,416,320,180,224,85.23
224,420,468,468,324,224,276,85.23
276,464,464,464,368,228,276,85.23
224,412,468,468,316,224,268,85.23
232,428,428,428,324,184,232,85.23
232,424,472,472,328,232,232,85.23
276,464,464,464,372,228,276,85.38
220,420,468,468,324,220,268,85.38
224,424,424,424,320,180,224,85.38
228,420,420,468,324,228,228,85.38
268,464,464,464,368,224,268,85.38
276,420,468,468,324,232,276,85.38
224,416,416,416,320,180,224,85.38
232,428,428,428,332,180,232,85.52
272,460,460,460,364,224,272,85.52
272,460,460,460,364,224,272,85.52
228,396,444,444,300,184,228,85.52
224,416,416,416,320,224,224,85.81
276,472,472,472,368,224,276,85.81
248,452,452,452,356,204,248,85.81
228,424,424,424,328,180,228,86.09
224,420,420,420,324,224,224,86.09
272,464,464,464,368,228,272,86.09
276,464,464,464,368,228,276,86.24
232,420,420,420,324,180,232,86.24
224,420,420,420,320,180,224,86.24
276,468,468,468,324,232,276,86.24
276,472,472,472,372,232,276,86.38
232,420,420,420,324,184,232,86.38
224,416,416,416,320,180,224,86.38
276,428,476,476,324,224,276,86.38
268,460,460,460,364,224,268,86.52
272,416,416,416,320,224,272,86.52
236,428,428,428,284,192,236,86.52
272,464,464,464,320,224,272,86.67
280,472,472,472,376,228,280,86.81
272,464,464,464,320,224,272,86.81
244,392,444,444,292,200,244,86.81
276,420,468,468,324,232,276,86.95
316,464,464,464,368,224,268,87.10
268,468,468,468,316,224,268,87.10
224,416,416,416,320,180,224,87.24
272,416,464,464,320,224,272,87.38
276,468,468,468,372,228,276,87.38
276,468,468,468,324,228,276,87.38
272,416,416,416,320,180,224,87.38
276,424,424,424,328,228,228,87.53
316,460,460,460,364,224,268,87.53
268,460,460,460,364,224,268,87.53
272,416,416,416,320,180,228,87.81
272,416,416,464,320,224,224,87.81
272,472,472,472,376,224,272,87.81
272,460,460,460,364,224,272,87.81
280,428,428,428,328,180,232,88.10
276,420,420,420,324,184,228,88.10
316,456,456,456,360,224,268,88.10
272,472,472,472,368,228,272,88.10
272,416,416,416,320,180,228,88.24
280,420,420,420,324,224,224,88.24
316,464,464,464,364,224,268,88.24
320,464,464,464,368,228,276,88.24
268,412,412,412,316,224,268,88.38
272,420,420,420,320,180,224,88.38
272,464,464,464,320,228,272,88.53
316,464,464,464,364,224,272,88.67
280,424,424,424,328,228,228,88.67
272,416,416,416,320,180,228,88.67
272,476,476,476,320,224,272,88.81
316,460,460,460,364,224,268,88.96
268,460,460,460,316,224,268,88.96
276,424,424,424,328,184,228,88.96
272,460,460,460,320,224,272,89.10
316,464,464,464,368,224,268,89.10
276,464,464,464,324,228,276,89.24
272,420,420,420,320,180,224,89.24
272,464,464,464,320,228,272,89.24
320,464,464,464,368,228,276,89.24
276,468,468,468,324,232,276,89.39
272,436,436,436,332,180,224,89.39
276,420,420,420,324,224,276,89.53
312,456,456,456,360,220,268,89.67
320,472,472,472,320,228,276,89.67
276,436,436,436,324,184,228,89.67
268,416,416,416,316,224,268,89.96
328,472,472,472,376,236,284,89.96
272,480,480,480,336,224,272,89.96
284,428,428,428,332,188,240,90.10
268,412,412,412,316,224,268,90.10
316,456,456,456,364,224,268,90.10
324,472,472,472,376,232,276,90.10
272,416,416,416,320,224,224,90.25
280,424,424,424,328,188,232,90.39
320,464,464,464,368,228,276,90.39
316,464,464,464,364,224,268,90.39
288,436,436,436,332,224,224,90.53
276,420,420,420,324,184,228,90.68
320,464,464,464,368,228,276,90.68
316,464,464,464,360,224,268,90.68
276,424,424,424,324,228,276,90.68
272,416,416,416,320,224,224,90.82
316,468,468,468,316,224,272,90.82
340,484,484,484,340,248,292,90.82
316,460,460,460,316,224,268,90.96
272,428,428,428,272,224,224,90.96
316,460,460,460,316,224,272,90.96
316,460,460,460,364,224,268,90.96
284,476,428,476,332,236,284,91.11
268,412,412,412,316,224,224,91.11
272,468,420,468,324,224,272,91.11
324,464,464,464,372,224,276,91.11
316,464,464,464,316,224,268,91.11
280,420,420,420,324,184,232,91.11
280,420,420,420,328,224,224,91.11
316,464,464,464,364,224,272,91.11
316,460,460,460,364,224,268,91.11
280,420,420,420,324,224,224,91.11
276,420,420,420,324,184,232,91.25
312,456,456,456,360,220,268,91.25
324,472,472,472,376,224,276,91.25
268,412,412,412,316,224,268,91.25
272,412,412,412,320,224,224,91.25
320,472,472,472,320,224,268,91.25
332,472,472,472,380,240,284,91.39
272,420,420,420,324,224,272,91.54
276,420,420,420,324,184,228,91.54
316,460,460,460,316,224,272,91.54
320,464,464,464,368,228,276,91.54
320,464,464,464,320,228,276,91.54
280,424,424,424,328,180,232,91.82
316,464,464,464,316,224,268,91.82
320,464,464,464,368,228,276,91.82
324,468,468,468,324,232,276,91.82
272,420,420,420,316,224,224,91.82
320,464,464,464,320,224,276,91.97
328,472,472,472,376,220,268,91.97
320,472,424,472,320,228,272,92.11
272,416,416,416,320,224,224,92.25
316,464,464,464,316,224,268,92.25
328,472,472,472,376,236,280,92.25
316,460,460,460,364,224,268,92.40
284,424,424,424,328,192,236,92.54
316,460,412,460,316,224,268,92.54
312,464,464,464,368,220,268,92.54
324,464,464,464,368,224,276,92.54
316,412,412,412,316,224,268,92.54
324,424,424,424,324,232,232,92.83
320,464,464,464,368,228,276,92.83
320,464,464,464,368,224,268,92.83
316,412,412,412,316,224,272,92.83
292,436,436,436,292,200,244,92.83
324,468,468,468,372,232,276,92.97
360,480,480,480,360,224,268,92.97
276,420,420,420,324,180,232,93.11
272,412,412,412,320,224,224,93.11
328,480,424,480,328,236,280,93.11
368,464,464,464,368,228,276,93.25
316,460,460,460,316,224,272,93.25
284,428,428,428,332,180,232,93.25
316,460,460,460,316,224,268,93.25
368,464,464,464,368,224,268,93.40
324,468,420,468,324,232,276,93.40
316,412,412,412,316,224,224,93.40
324,472,472,472,324,232,276,93.54
364,464,464,464,364,228,272,93.54
316,468,468,468,316,224,272,93.54
320,416,416,416,320,224,224,93.54
320,468,420,420,320,228,276,93.54
364,460,460,460,364,228,272,93.68
316,464,464,464,364,224,268,93.68
276,424,424,424,328,184,232,93.68
316,464,412,412,316,224,268,93.68
368,468,468,468,368,224,268,93.83
320,464,464,464,368,228,272,93.83
316,412,412,412,316,224,272,93.83
328,424,424,424,328,228,228,93.97
360,460,460,460,360,224,268,93.97
360,464,464,464,360,224,268,94.11
324,420,420,420,324,180,232,94.11
316,412,412,412,316,224,268,94.11
320,464,464,464,368,228,276,94.11
368,464,464,464,368,232,276,94.11
316,468,412,412,316,224,268,94.11
324,420,420,420,324,188,232,94.11
320,464,464,464,320,224,272,94.11
368,464,464,464,368,224,268,94.11
316,460,460,460,316,224,272,94.11
324,420,420,420,324,188,232,94.11
320,468,420,468,320,228,276,94.11
360,460,460,460,360,224,268,94.11
320,472,424,424,320,220,272,94.11
320,416,416,416,320,180,228,94.11
312,460,412,460,312,220,268,94.11
372,468,468,468,372,236,280,94.26
316,460,460,460,364,224,268,94.26
316,416,416,416,316,224,268,94.26
324,420,420,420,324,180,276,94.26
364,460,460,460,364,224,272,94.26
368,464,464,464,368,228,272,94.26
324,420,420,420,324,188,232,94.26
316,412,412,412,316,224,268,94.26
368,464,464,464,368,228,272,94.26
368,464,464,464,368,228,276,94.40
320,416,416,416,320,228,272,94.40
316,416,416,416,316,224,268,94.54
368,472,472,472,368,232,276,94.54
368,464,464,464,368,232,276,94.54
316,460,412,460,316,220,268,94.54
320,420,420,420,320,184,228,94.83
360,456,456,456,360,220,268,94.83
372,468,468,468,372,224,268,94.83
328,424,424,424,328,220,268,94.83
316,412,412,412,316,224,224,94.97
328,476,424,424,328,228,276,94.97
364,460,460,460,364,224,272,95.12
320,468,416,468,320,228,276,95.12
324,420,420,420,324,188,232,95.26
316,468,420,468,316,224,268,95.26
364,464,464,464,364,224,272,95.26
352,452,452,452,352,200,260,95.26
324,420,420,420,324,184,232,95.55
320,468,416,416,320,220,268,95.55
368,464,464,464,368,224,272,95.55
360,456,456,456,360,224,268,95.69
324,424,424,424,324,180,232,95.69
320,416,416,416,320,228,276,95.69
364,460,460,460,364,224,272,95.83
372,468,468,468,372,236,280,95.83
312,412,412,412,312,220,268,95.83
316,412,412,412,316,224,268,95.83
372,468,468,468,372,236,280,95.98
360,456,456,456,360,224,268,95.98
324,420,420,420,324,224,276,95.98
324,420,420,420,324,188,232,96.12
364,464,464,464,364,224,268,96.26
368,464,464,464,368,224,268,96.26
324,420,420,420,324,232,276,96.26
324,420,420,420,324,228,228,96.26
368,464,464,464,368,224,268,96.40
364,464,464,464,364,224,272,96.40
316,464,412,464,316,224,272,96.40
336,440,440,440,336,200,244,96.40
372,464,464,464,324,232,276,96.55
364,460,460,460,364,224,272,96.55
324,476,424,424,324,224,276,96.55
316,412,412,412,316,224,268,96.55
364,460,460,460,316,224,268,96.55
372,468,468,468,372,236,280,96.69
364,460,460,460,364,224,272,96.69
324,428,428,428,324,180,232,96.83
324,420,420,420,324,232,276,96.83
364,460,460,460,364,224,272,96.83
368,464,464,464,368,228,276,96.83
320,416,416,416,320,228,276,96.83
324,420,420,420,324,224,272,96.98
360,464,464,464,360,224,268,97.12
368,472,472,472,368,232,276,97.12
320,416,416,416,320,228,272,97.12
336,432,432,432,336,180,244,97.12
368,464,464,464,368,232,276,97.41
364,460,460,460,364,224,268,97.41
320,424,424,424,320,224,276,97.41
324,420,420,420,324,184,232,97.41
360,456,456,456,360,224,268,97.41
372,468,468,468,372,236,280,97.55
364,460,460,460,316,224,268,97.55
316,420,420,420,316,224,272,97.55
376,472,472,472,328,232,276,97.55
360,456,456,456,360,224,268,97.55
368,464,464,464,320,224,276,97.55
324,420,420,420,324,224,224,97.55
364,464,464,464,316,224,272,97.69
368,464,464,464,368,228,276,97.69
372,468,468,468,324,232,276,97.69
320,416,416,416,320,224,272,97.69
364,460,460,460,316,224,268,97.84
368,468,468,468,368,228,276,97.84
364,460,460,460,364,228,272,97.84
316,412,412,412,316,224,268,97.84
324,420,420,472,324,232,276,98.12
364,460,460,460,364,224,272,98.12
376,472,472,472,376,224,272,98.12
316,412,412,412,316,224,268,98.12
316,412,412,460,316,224,268,98.12
372,468,468,468,372,228,276,98.12
360,456,456,456,360,224,268,98.12
364,416,416,468,316,224,268,98.12
316,416,416,416,316,220,268,98.12
388,436,484,484,340,204,292,98.12
368,464,464,464,368,228,276,98.27
372,420,468,468,324,224,276,98.27
320,416,416,416,320,224,272,98.41
360,456,456,456,360,224,268,98.41
364,464,464,464,364,228,272,98.41
368,464,464,464,320,228,272,98.41
316,412,412,412,316,224,268,98.41
376,472,472,472,328,232,284,98.55
408,456,456,508,360,220,268,98.70
376,472,472,472,320,224,268,98.70
316,412,412,412,316,224,272,98.70
364,460,460,460,316,224,272,98.70
372,468,468,468,372,236,280,98.84
360,456,456,456,360,224,268,98.84
316,420,420,420,316,224,272,98.84
372,468,468,468,324,232,276,98.98
408,456,456,456,360,224,268,98.98
368,464,464,464,368,232,276,98.98
324,420,420,420,324,188,232,99.13
372,468,468,468,324,232,276,99.27
368,464,464,464,368,224,272,99.27
368,464,464,464,368,224,268,99.27
380,428,428,428,316,224,268,99.27
368,416,472,472,320,228,276,99.41
368,464,464,464,368,228,276,99.41
360,460,460,460,360,224,268,99.41
328,424,424,424,328,224,276,99.41
364,412,460,460,316,224,268,99.41
360,456,456,456,360,224,268,99.41
372,472,472,472,372,236,280,99.56
364,460,460,460,316,224,272,99.56
324,420,420,420,324,224,272,99.56
368,464,464,464,368,232,276,99.56
408,460,460,512,360,224,268,99.70
372,472,472,472,324,232,276,99.70
324,420,420,420,324,188,232,99.70
372,468,468,468,324,232,276,99.84
416,464,464,516,368,232,276,99.99
368,464,464,464,324,224,276,99.99
364,412,460,460,316,224,272,99.99
376,472,472,472,324,232,276,100.13
408,456,504,504,360,224,268,100.27
376,472,472,472,328,232,276,100.27
364,412,460,460,316,224,268,100.27
376,472,472,472,320,224,268,100.41
376,472,472,472,376,224,272,100.41
372,472,472,472,316,224,272,100.56
320,416,416,468,320,184,276,100.56
360,456,456,456,312,220,268,100.56
372,472,472,520,372,232,276,100.56
360,464,464,464,316,224,268,100.70
324,428,428,428,324,188,276,100.70
368,464,464,464,320,228,276,100.70
416,464,512,512,368,224,276,100.70
368,464,464,464,320,224,268,100.70
324,420,420,468,324,224,276,100.84
360,456,456,456,312,220,268,100.84
412,464,512,512,368,224,276,100.99
360,464,464,464,360,224,268,101.13
328,424,424,424,328,184,232,101.13
364,460,460,460,316,224,272,101.13
412,468,468,520,360,224,316,101.13
360,460,460,460,360,224,268,101.42
376,424,424,476,324,224,272,101.42
376,472,472,472,328,224,284,101.42
416,472,472,520,368,224,272,101.56
368,464,464,464,320,228,272,101.56
364,416,468,468,316,224,268,101.56
368,464,464,464,320,228,272,101.70
408,508,508,508,360,224,312,101.70
368,464,464,464,320,224,268,101.85
364,464,464,464,316,224,268,101.85
360,464,464,464,316,224,268,101.99
412,468,516,516,368,228,276,101.99
360,456,456,456,360,224,268,101.99
368,464,464,464,320,224,268,101.99
360,456,456,456,316,224,268,102.28
416,468,516,516,368,224,316,102.28
364,460,460,460,316,224,272,102.28
360,456,456,456,316,224,268,102.28
360,456,456,456,312,220,268,102.56
408,508,508,508,360,224,316,102.56
376,472,472,472,328,236,280,102.56
332,428,428,476,332,180,236,102.56
368,464,464,464,324,228,276,102.85
408,508,508,508,360,224,312,102.85
368,468,468,468,320,228,272,102.85
364,460,460,460,316,224,268,102.99
368,464,464,464,320,228,272,102.99
416,512,512,512,368,228,276,102.99
372,464,464,464,324,232,276,103.14
368,464,464,464,320,224,268,103.14
368,464,464,464,324,232,276,103.14
408,504,504,504,360,224,312,103.14
376,472,472,472,328,232,280,103.14
360,456,456,456,316,224,268,103.28
376,468,468,468,328,224,268,103.28
408,504,504,504,360,224,316,103.42
368,472,472,472,368,224,268,103.42
372,468,468,468,324,232,276,103.42
364,464,464,464,316,224,268,103.42
388,488,488,488,388,228,276,103.42
376,476,476,476,328,236,280,103.57
372,464,464,464,324,224,272,103.71
364,460,460,460,316,224,268,103.71
416,512,512,512,368,232,276,103.71
416,464,516,516,368,232,276,103.71
364,460,460,460,316,224,268,104.00
368,468,468,468,320,228,276,104.00
416,512,512,512,368,232,276,104.00
416,464,512,512,360,224,268,104.00
372,468,468,468,324,232,276,104.00
360,456,456,456,312,220,268,104.14
420,516,516,516,376,236,280,104.14
408,504,504,504,360,224,268,104.28
328,424,424,476,328,192,284,104.28
364,460,460,460,316,224,272,104.42
420,516,516,516,372,228,276,104.42
408,504,504,504,360,224,268,104.42
368,464,464,464,324,232,276,104.42
372,468,468,468,324,232,276,104.42
412,508,508,508,364,224,268,104.42
412,508,508,508,364,224,268,104.42
368,464,464,464,316,224,268,104.42
364,468,468,468,316,224,272,104.57
424,516,516,516,368,232,276,104.57
412,508,508,508,364,224,272,104.57
372,468,468,468,328,228,276,104.71
364,460,460,460,316,224,268,104.71
424,516,516,516,376,224,276,104.85
412,508,508,508,364,224,272,104.85
360,468,468,468,312,220,268,104.85
372,468,468,468,324,188,276,104.85
408,504,504,504,360,224,268,104.85
420,516,516,516,376,232,276,104.85
364,464,464,464,316,224,268,105.14
372,468,468,468,324,224,272,105.14
408,504,504,504,360,224,268,105.14
416,520,520,520,368,232,276,105.14
368,464,464,464,320,228,272,105.14
368,464,464,464,320,228,276,105.14
412,508,508,508,364,224,268,105.14
416,480,480,532,368,224,276,105.14
368,464,464,464,312,220,268,105.28
368,464,464,464,320,228,276,105.43
408,512,512,512,360,224,268,105.43
420,516,516,516,372,232,280,105.43
364,460,460,460,316,224,268,105.43
376,472,472,472,328,180,284,105.57
412,508,508,508,364,224,272,105.57
420,516,516,516,368,224,276,105.57
360,456,456,456,316,224,268,105.57
368,464,464,464,316,224,272,105.57
412,508,508,508,368,224,276,105.57
408,508,508,508,360,224,316,105.57
368,464,464,464,320,228,272,105.86
368,464,464,464,316,224,268,105.86
408,508,508,508,360,220,268,105.86
412,516,516,516,364,228,272,105.86
368,464,464,464,320,228,272,105.86
384,480,480,480,284,192,284,105.86
416,512,512,512,368,228,276,106.00
432,480,532,532,364,224,316,106.00
360,456,456,456,316,224,268,106.14
364,460,460,460,316,224,272,106.14
420,472,520,520,328,236,280,106.14
408,504,504,504,364,224,316,106.14
372,468,468,468,324,228,272,106.14
364,460,460,460,316,224,268,106.14
412,508,508,508,360,224,268,106.14
416,512,512,512,368,232,324,106.14
368,464,464,464,320,228,272,106.43
372,468,468,468,324,232,276,106.43
416,512,512,512,368,224,272,106.43
412,508,508,508,360,224,312,106.43
408,464,464,464,316,224,268,106.43
364,456,456,456,316,224,268,106.57
384,488,488,488,336,228,276,106.57
408,504,504,504,360,224,316,106.72
376,472,472,472,328,232,276,106.86
364,460,460,460,316,224,268,106.86
412,464,464,520,360,224,268,106.86
408,520,520,520,360,224,316,106.86
416,468,468,468,316,224,268,107.00
368,464,464,464,320,228,272,107.00
408,504,504,504,316,224,268,107.00
420,516,516,516,372,228,276,107.00
428,476,476,476,332,240,288,107.00
368,472,472,472,324,232,276,107.14
408,504,504,504,316,224,268,107.29
412,516,516,516,364,228,320,107.29
412,464,464,464,320,228,272,107.29
368,464,464,464,324,232,276,107.29
416,512,512,512,320,224,276,107.43
460,508,508,508,368,228,320,107.57
416,464,464,464,324,224,272,107.57
368,464,464,464,320,228,276,107.57
424,476,476,476,328,236,284,107.72
460,508,508,508,368,228,320,107.86
412,460,460,512,316,224,272,107.86
372,468,468,468,328,188,280,107.86
420,472,472,520,328,220,268,107.86
460,508,508,508,364,228,320,108.15
412,460,460,516,316,224,272,108.15
420,468,468,468,324,228,272,108.15
416,508,508,508,360,224,268,108.43
460,508,508,508,368,224,320,108.43
408,464,464,464,316,224,268,108.43
416,464,464,464,320,228,276,108.43
416,512,512,512,324,232,276,108.43
460,508,508,508,364,228,320,108.43
416,464,464,512,320,224,268,108.43
416,464,464,464,324,232,276,108.43
416,512,512,512,316,224,272,108.58
460,508,508,508,368,228,320,108.58
412,504,504,504,316,224,268,108.58
420,468,468,468,328,192,280,108.58
456,504,504,504,316,224,268,108.58
464,512,512,512,372,232,280,108.72
408,504,504,504,316,224,268,108.72
420,468,468,468,320,228,272,108.72
456,504,504,504,364,224,272,108.86
468,516,516,516,368,232,320,108.86
416,464,464,512,320,228,276,108.86
416,464,464,464,320,228,276,108.86
464,512,512,512,324,232,276,108.86
460,508,508,508,368,228,320,108.86
464,464,464,516,316,224,272,108.86
412,464,464,464,320,228,272,109.01
456,508,508,508,316,224,268,109.01
468,516,516,516,376,232,284,109.01
456,504,504,504,316,224,268,109.15
416,464,464,464,320,228,276,109.29
456,504,504,504,360,224,268,109.29
468,516,516,516,372,236,280,109.43
456,504,504,504,316,224,268,109.43
424,472,472,472,328,192,284,109.58
460,508,508,508,360,224,268,109.72
460,508,508,508,364,224,320,109.72
460,508,508,508,316,224,272,109.72
432,484,484,484,336,200,288,109.72
460,508,508,508,360,220,268,110.01
508,508,508,508,360,224,316,110.01
464,464,464,464,324,232,276,110.01
456,456,456,456,316,224,268,110.15
460,512,512,512,368,232,276,110.15
500,500,500,500,360,224,312,110.29
468,468,468,468,320,224,272,110.29
456,456,456,456,312,220,268,110.44
460,516,516,516,360,224,268,110.44
504,504,504,504,364,228,320,110.44
468,468,468,468,316,224,268,110.72
456,456,456,456,316,224,268,110.72
508,508,508,508,360,224,268,110.72
508,508,508,508,364,228,320,110.86
464,464,464,464,320,224,268,111.01
460,460,460,460,320,228,276,111.01
508,508,508,508,360,224,312,111.01
508,508,508,508,360,224,316,111.01
460,512,460,512,316,224,268,111.15
456,456,456,456,312,220,268,111.15
512,512,512,512,368,228,276,111.15
508,508,508,508,368,228,320,111.15
464,512,464,512,324,224,272,111.15
464,464,464,464,320,228,276,111.15
520,520,520,520,332,224,272,111.15
500,500,500,500,360,224,312,111.44
516,516,456,516,316,224,268,111.44
468,468,468,468,328,192,284,111.44
520,520,520,520,364,224,268,111.44
504,504,504,504,364,228,320,111.72
456,512,456,512,316,224,268,111.72
460,460,460,460,320,224,276,111.72
500,500,500,500,360,224,316,111.72
508,508,508,508,368,224,316,111.87
504,504,504,504,364,224,272,111.87
460,460,460,460,320,228,272,111.87
508,508,508,508,368,232,276,112.01
508,508,508,508,368,232,320,112.01
508,508,460,508,320,224,276,112.01
464,464,464,464,320,228,276,112.01
508,508,508,508,360,224,268,112.01
528,528,528,528,388,232,296,112.01
472,472,472,472,360,224,268,112.15
468,468,468,468,328,188,280,112.30
500,500,500,500,360,224,268,112.30
512,512,512,512,372,224,276,112.30
500,500,500,500,360,224,268,112.30
464,464,464,464,320,224,268,112.30
508,508,508,508,368,232,276,112.30
520,520,520,520,380,236,284,112.44
508,508,508,508,320,228,276,112.58
464,464,464,464,324,224,276,112.58
508,508,508,508,368,224,272,112.58
556,504,504,504,364,220,312,112.58
508,508,508,508,360,224,268,112.58
468,468,468,468,320,228,276,112.58
504,504,504,504,360,224,268,112.58
508,508,508,508,364,224,320,112.58
508,508,508,508,368,228,272,112.58
456,456,456,456,316,224,268,112.58
520,520,468,520,328,236,284,112.58
552,552,504,504,360,224,316,112.73
516,516,468,516,328,236,280,112.73
456,456,456,456,316,224,268,112.73
512,512,512,512,372,228,276,112.73
548,548,500,500,360,220,312,112.73
512,512,512,512,368,228,276,112.73
464,464,464,464,324,232,276,112.73
508,508,508,508,368,224,268,112.73
560,508,508,508,364,224,312,112.73
508,508,508,508,368,224,268,112.73
460,460,460,460,316,224,268,112.87
508,508,460,508,368,224,268,112.87
552,552,504,504,360,224,316,112.87
512,512,512,512,364,228,272,112.87
508,456,456,456,316,224,272,112.87
516,516,468,516,368,224,272,112.87
556,504,504,504,364,224,316,112.87
512,512,512,512,372,224,276,113.01
508,456,456,456,316,224,268,113.01
516,516,460,516,368,224,268,113.01
556,504,504,504,364,228,320,113.01
504,504,504,504,360,220,268,113.01
464,464,464,464,324,232,276,113.15
508,508,508,508,364,224,272,113.15
560,508,508,508,368,224,324,113.15
508,508,508,508,368,224,272,113.15
460,460,460,460,316,224,268,113.15
516,516,468,516,368,228,276,113.15
552,500,500,500,360,224,316,113.15
512,512,512,512,368,228,276,113.15
516,464,464,464,324,232,276,113.15
508,508,508,508,368,224,268,113.15
560,508,508,508,368,232,320,113.15
512,512,512,512,368,224,268,113.30
508,456,456,456,316,224,272,113.30
516,516,516,516,368,224,272,113.44
556,504,504,504,364,224,316,113.44
508,508,508,508,364,224,272,113.44
512,460,460,460,320,228,272,113.44
508,508,508,508,364,224,272,113.44
556,508,508,508,364,228,320,113.58
508,508,508,508,368,224,272,113.58
512,460,460,460,320,224,272,113.58
508,508,508,508,368,224,268,113.58
560,508,508,508,360,224,316,113.58
532,480,480,480,364,224,272,113.58
512,456,456,456,316,224,268,113.73
508,508,508,508,368,224,276,113.73
552,552,500,500,360,224,312,113.73
516,516,516,516,372,232,276,113.73
508,460,460,460,316,224,272,113.73
516,516,516,516,372,236,280,113.87
552,552,500,500,408,224,316,113.87
512,512,512,512,372,228,276,113.87
508,456,456,456,316,224,268,113.87
512,512,512,512,364,220,272,113.87
560,508,508,508,368,228,320,113.87
516,516,516,516,368,232,276,114.01
516,464,464,464,320,228,276,114.01
504,504,504,504,364,228,272,114.01
560,508,508,508,368,224,320,114.01
508,508,508,508,368,228,276,114.16
512,464,464,464,320,224,276,114.16
508,508,508,508,368,228,276,114.30
564,508,508,508,368,224,320,114.30
508,508,508,508,368,232,276,114.30
476,476,476,476,328,192,280,114.30
508,508,508,508,364,228,272,114.44
556,556,500,556,408,224,316,114.44
516,516,468,516,376,236,284,114.44
508,456,456,456,316,224,268,114.44
516,516,516,516,376,232,284,114.44
548,548,500,500,404,220,312,114.44
516,516,468,516,368,228,276,114.44
476,476,476,476,336,200,288,114.44
516,516,516,516,368,232,276,114.59
556,500,500,500,404,220,312,114.73
504,504,504,504,360,224,268,114.73
516,464,464,464,324,232,276,114.73
508,508,508,508,368,228,276,114.73
564,512,512,512,368,228,320,114.87
500,500,500,500,360,220,268,114.87
520,464,464,464,324,224,268,114.87
508,508,508,508,368,228,276,114.87
564,504,504,504,404,224,312,114.87
516,516,468,516,376,236,284,114.87
508,456,456,456,360,224,268,114.87
516,516,516,516,376,236,284,114.87
548,548,500,548,404,224,312,114.87
516,516,468,516,372,228,276,114.87
508,456,456,456,360,224,268,114.87
508,508,508,508,368,228,276,114.87
556,508,508,508,364,228,320,114.87
508,508,508,508,368,228,276,114.87
512,460,460,460,320,220,272,114.87
508,508,508,508,364,224,268,114.87
560,508,508,508,408,224,316,114.87
508,508,508,508,364,224,268,114.87
508,456,456,456,364,224,272,114.87
512,512,512,512,368,228,276,114.87
548,548,500,548,408,224,316,114.87
516,516,516,516,368,224,268,114.87
504,452,452,452,360,220,268,114.87
508,508,508,508,360,224,268,114.87
564,512,512,512,372,236,280,114.87
500,500,500,500,360,224,268,114.87
520,468,468,468,328,232,284,114.87
500,500,500,500,360,220,268,114.87
564,512,512,512,412,228,320,114.87
504,504,504,504,364,224,272,114.87
512,460,460,460,320,228,276,114.87
508,508,508,508,364,228,272,114.87
560,508,508,508,412,232,320,114.87
508,508,508,508,368,224,268,114.87
512,460,460,460,320,224,276,114.87
508,508,508,508,360,224,268,114.87
564,512,512,512,372,232,328,114.87
500,500,500,500,360,224,268,114.87
520,468,468,468,324,224,276,114.87
500,500,500,500,360,224,268,114.87
564,512,512,512,408,224,316,114.87
504,504,504,504,364,224,272,114.87
512,460,460,460,360,224,268,114.87
512,512,464,512,368,232,276,114.87
556,500,500,500,408,224,316,114.87
508,508,508,508,364,220,268,114.87
504,456,456,456,360,224,268,114.87
516,516,516,516,368,232,276,114.87
560,508,508,508,368,228,320,114.87
508,508,508,508,364,228,272,114.87
512,460,460,460,320,228,276,114.87
508,508,508,508,368,232,276,114.87
556,504,504,504,412,220,312,114.87
508,508,508,508,368,232,276,114.87
504,452,452,504,360,224,268,114.87
520,468,468,468,372,232,280,114.87
552,500,500,500,404,220,312,114.87
512,512,512,512,372,224,268,114.87
504,456,456,504,360,224,268,114.87
516,460,460,460,364,220,268,114.87
560,508,508,508,368,232,320,114.87
508,508,508,508,360,224,316,114.87
512,460,460,460,368,228,276,114.87
508,508,460,508,360,224,268,114.87
560,508,508,508,360,224,312,114.87
560,508,508,508,360,224,316,114.87
512,512,456,456,364,224,272,114.87
516,516,464,516,368,232,276,114.87
556,508,508,508,364,228,272,114.87
508,508,508,508,368,228,276,114.87
512,460,460,460,368,228,276,114.87
512,460,460,512,360,224,268,114.87
560,508,508,508,368,232,320,114.87
560,504,504,504,364,224,316,114.87
520,468,468,468,328,236,280,114.87
504,504,456,504,364,224,272,114.87
512,512,512,512,372,228,280,114.87
552,500,500,500,360,224,312,114.87
520,468,468,468,368,232,276,114.87
504,452,452,452,360,220,268,114.87
560,508,508,508,368,224,276,114.87
508,508,508,508,368,228,276,114.87
512,460,460,460,364,220,268,114.87
512,464,464,464,368,224,272,114.87
556,504,504,504,364,224,312,114.87
560,508,508,508,360,224,312,114.87
520,468,468,468,324,232,276,114.87
504,504,456,504,360,224,268,114.87
516,516,516,516,368,232,276,114.87
552,500,500,500,360,224,316,114.87
516,464,464,464,368,224,268,114.87
504,504,456,504,360,224,268,114.87
564,504,504,504,360,224,312,114.87
508,508,508,508,368,228,276,114.87
504,504,456,504,360,224,268,114.87
516,468,468,468,324,228,280,114.87
552,500,500,500,360,224,312,114.87
516,516,516,516,368,232,276,114.87
508,456,456,456,364,224,268,114.87
512,464,464,464,320,228,276,114.87
508,508,508,508,368,228,276,114.87
560,508,508,508,368,228,276,114.87
512,460,460,460,368,224,268,114.87
512,460,460,460,320,220,272,114.87
508,508,508,508,364,224,272,114.87
512,512,512,512,372,228,276,114.87
504,504,504,504,364,224,272,114.87
468,468,468,468,320,224,268,114.87
500,500,500,500,360,224,268,114.87
564,504,504,504,408,224,316,114.87
512,460,460,460,368,228,276,114.87
508,456,456,456,312,220,268,114.87
516,516,516,516,376,232,280,114.87
552,500,500,500,404,224,312,114.87
520,468,468,468,368,232,276,114.87
508,456,456,456,316,224,268,114.87
508,508,508,508,368,228,276,114.87
556,508,508,508,364,228,272,114.87
508,508,460,508,368,228,276,114.87